:020000040800F2
:10000000981A0024AD020008599D0008498600088E
:10001000519D00080906000889C200080000000080
:10002000000000000000000000000000F9A100082E
:100030001106000800000000D19D000859A2000828
:10004000CB020008CB020008CB020008CB0200085C
:10005000CB020008CB020008CB020008CB0200084C
:10006000CB020008CB020008CB020008CB0200083C
:10007000CB020008CB020008CB020008CB0200082C
:10008000CB020008CB020008CB020008CB0200081C
:10009000CB020008CB020008CB020008CB0200080C
:1000A000CB020008CB020008CB020008CB020008FC
:1000B000CB020008CB020008CB020008CB020008EC
:1000C000CB020008CB020008CB020008CB020008DC
:1000D000CB020008CB020008CB020008CB020008CC
:1000E000CB020008CB02000800000000CB02000891
:1000F000CB020008CB020008CB020008CB020008AC
:10010000CB020008CB020008CB020008CB0200089B
:10011000CB020008CB020008CB020008CB0200088B
:10012000CB020008CB020008CB020008CB0200087B
:10013000CB020008CB020008CB020008CB0200086B
:1001400000000000000000000000000000000000AF
:10015000CB020008CB020008CB020008CB0200084B
:10016000CB020008CB020008CB020008CB0200083B
:10017000CB020008CB020008CB0200080000000000
:10018000CB020008CB020008CB020008CB0200081B
:10019000CB020008CB020008CB020008CB0200080B
:1001A000CB020008CB020008CB020008CB020008FB
:1001B000CB020008CB020008CB020008CB020008EB
:1001C000CB020008CB020008CB020008CB020008DB
:1001D000CB020008CB020008CB020008CB020008CB
:1001E000CB020008CB020008CB020008CB020008BB
:1001F000CB020008CB020008CB020008CB020008AB
:10020000CB020008CB020008CB020008CB0200089A
:10021000CB020008CB020008CB020008CB0200088A
:10022000CB020008CB020008CB020008000000004F
:10023000CB020008CB02000800000000CB0200083F
:10024000CB020008CB020008CB020008CB0200085A
:10025000CB020008CB020008CB020008CB0200084A
:10026000CB020008CB020008CB020008CB0200083A
:10027000CB020008CB020008CB02000800000000FF
:10028000CB020008CB020008CB02000800000000EF
:1002900000000000CB020008DFF80CD000F090F85E
:1002A0000048004729C30008981A002407488047DF
:1002B0000748804707480047FEE7FEE7FEE7FEE7FE
:1002C000FEE7FEE7FEE7FEE7FEE7FEE72906000899
:1002D00049A30008990200082DE9F05F05460020B7
:1002E00092469B4688460646814640241BE02846A7
:1002F00041464746224600F053F853465A46C01A34
:10030000914110D311461846224600F03AF82D1AB2
:1003100067EB01084F4622460120002100F031F82A
:1003200017EB00094E41201EA4F10104DFDC484612
:1003300031462A464346BDE8F09F40EA01039B0749
:1003400003D009E008C9121F08C0042AFAD203E04A
:1003500011F8013B00F8013B521EF9D27047D2B2AE
:1003600001E000F8012B491EFBD270470022F6E79E
:1003700010B513460A4604461946FFF7F0FF20461B
:1003800010BD202A04DB203A00FA02F10020704759
:100390009140C2F1200320FA03F3194390407047C3
:1003A000202A04DB203A21FA02F00021704721FACA
:1003B00002F3D040C2F12002914008431946704731
:1003C0001CB509480090094801900546009C06E0CC
:1003D000E06840F0010394E8070098471034AC420D
:1003E000F6D3FFF75DFF000088C40008A8C400082A
:1003F00080B584B003900398006842F20001C4F213
:100400000201884209D0FFE70398006842F2001118
:10041000C4F20201884209D1FFE742F20830C4F277
:100420000200006810F4403F09D129E046F208308C
:10043000C5F60200006810F4403F21D0FFE705F048
:1004400003FC0290039840680190B0F5803F0AD009
:10045000FFE70198B0F5003F05D0FFE70198B0F540
:10046000403F07D00AE00398C1880298B0FBF1F042
:10047000029004E002988008029000E0FFE75FE04D
:100480004FF40020002103F01BFB0290039840680A
:100490000090B0F5802F32D0FFE70098B0F5002F24
:1004A0002DD0FFE70098B0F5402F28D0FFE7009847
:1004B000B0F5801F23D0FFE70098B0F5A01F1ED035
:1004C000FFE70098B0F5C01F19D0FFE70098B0F51E
:1004D000E01F1FD0FFE70098B0F5001F1ED0FFE718
:1004E0000098B0F5101F1DD0FFE70098B0F5201F51
:1004F0001CD0FFE70098B0F5301F1BD01EE003981A
:1005000041686FF0010000EA51410298B0FBF1F040
:10051000029014E002980009029010E0029840094D
:1005200002900CE002988009029008E00298C0094D
:10053000029004E00298000A029000E0FFE7FFE763
:1005400002F0F2F841F20301884217D8FFE702985F
:1005500042F60151C0F23111884207D3FFE70398F8
:100560000168886840F48070886006E0039801683C
:10057000886820F480708860FFE743E002984008B4
:100580000290029845F61061C0F25F01884209D8D6
:10059000FFE703980068806820F4407003990968B9
:1005A00088602EE002984BF62041C0F2BE018842DE
:1005B0000AD8FFE7039800688068012161F30920E9
:1005C0000399096888601BE0029847F64001C0F271
:1005D0007D1188420AD8FFE70398006880680221ED
:1005E00061F3092003990968886008E003980068AE
:1005F000806840F44070039909688860FFE7FFE76E
:10060000FFE7FFE704B080BDFFE7FEE70000000062
:10061000704700000000000081B0EFF3108072B658
:100620000090FFE7FEE7000044F60C01C5F602016A
:10063000086840F002000860FFE744F60400C5F6D1
:10064000020000688004002801D4FFE7F5E7704746
:1006500084B002900298406B009002980068D0F835
:1006600084004FF6FC718843009940EA81000299AA
:100670000968C1F8840002980068D0F8840020F46A
:100680007F00029A1168926B40EA0240C1F8840030
:100690000298816B00980844009002980068D0F896
:1006A00088006FF38F00009940EA81000299096881
:1006B000C1F8880002980068D0F8880020F4FE0095
:1006C000029A1168D26B40EA0240C1F88800029891
:1006D000C16B009800EB4100009002980068D0F8D0
:1006E000A0006FF38F00009940EA81000299096829
:1006F000C1F8A00002980068D0F8A00020F4FE0025
:10070000029A1168126C40EA0240C1F8A0000299F6
:10071000086C496C009A00FB012000900298006868
:10072000D0F8B0006FF38F00009940EA8100029981
:100730000968C1F8B00002980068D0F8B00020F451
:10074000FE00029A1168926C40EA0240C1F8B000C3
:100750000299886CC96C009A00FB012000900298F5
:100760000068D0F8AC006FF38F00009940EA810078
:1007700002990968C1F8AC000299086D496D009AA8
:1007800000FB0120009002980068D0F8F0006FF3A1
:100790008F00009940EA810002990968C1F8F000D1
:1007A00002980068D0F8F00020F47C10029A1168DA
:1007B000926D40EA0240C1F8F0000298816D009805
:1007C00000EB4100009002980068D0F8C0006FF381
:1007D0008F00009940EA810002990968C1F8C000C1
:1007E00002980068D0F8C00020F47C10029A1168CA
:1007F000D26D40EA0240C1F8C00002980068D0F80B
:10080000C00020F07C50029A1168126E40EA02602B
:10081000C1F8C00002994A6B4AF60040C4F20000D9
:1008200000EB8200C86602998A6BC86E00EB8200FA
:1008300008670299CA6B086F00EBC200486702990B
:100840000A6C4B6C486F5A4300EB82008867029930
:100850008A6CCB6C886F5A4300EB8200C8670299A0
:100860000A6D4B6DC86F5A4300EB8200C1F88000DF
:1008700002998A6DD1F8800000EBC200C1F88400B3
:100880000299CA6D8B6ED1F884005A4300EB820046
:10089000C1F8880002990A6E8B6ED1F888005A431D
:1008A00000EB8200C1F890000298D0F890004DF261
:1008B000FD31C4F2000188420FD3FFE70299D1F85D
:1008C0009C0040F02000C1F89C000299032081F8B0
:1008D000980001208DF80F0017E00298C06E01907B
:1008E000FFE701980299D1F89010884208D2FFE7FB
:1008F000019900200860FFE7019804300190F0E7BB
:10090000FFE700208DF80F00FFE79DF80F0004B00F
:10091000704700000000000080B5A6B0249023912D
:1009200000208DF88B002398006808B1FFE7FFE7EF
:10093000FFE7249890F85000012804D1FFE7022037
:100940008DF897002DE12499012081F85000FFE7F0
:10095000FFE700201D901E902498006842F20001DD
:10096000C4F20201884206D1FFE742F20010C4F24D
:100970000200089002E000200890FFE7089878B98C
:10098000FFE72499486D40F020004865FFE724996F
:10099000002081F85000FFE701208DF8970000E16A
:1009A000089807F0A9FE07902498006807F0A4FEB5
:1009B000002840F0E280FFE70798002840F0DD8043
:1009C000FFE724980168012042F20002C4F202020B
:1009D000914206900CD0FFE7249800684DF6007114
:1009E000CBF6FD710844B0FA80F040090690FFE7AD
:1009F0000698C10746F20030C5F6020000291CBF68
:100A000042F20030C4F202002190239800680028CE
:100A10005ED0FFE72198806820F440402399496820
:100A200008432199886024980168012042F200025D
:100A3000C4F20202914205900CD0FFE724980068AE
:100A40004DF60071CBF6FD710844B0FA80F0400914
:100A50000590FFE70598C10746F20030C5F6020091
:100A600000291CBF42F20030C4F2020042F2003101
:100A7000C4F20201884212D1FFE742F20000C4F240
:100A8000020007F021FE039042F20010C4F20200BF
:100A900007F01AFE014603980843049007E046F267
:100AA0000000C5F6020007F00FFE0490FFE704986F
:100AB00068B9FFE72198806840F61F718843239A40
:100AC000116892681143084321998860FFE753E059
:100AD0002199886820F440408860249801680120AA
:100AE00042F20002C4F20202914202900CD0FFE7EF
:100AF000249800684DF60071CBF6FD710844B0FAF9
:100B000080F040090290FFE70298C10746F20030EA
:100B1000C5F6020000291CBF42F20030C4F20200F8
:100B200042F20031C4F20201884212D1FFE742F2E0
:100B30000000C4F2020007F0C7FD009042F200106E
:100B4000C4F2020007F0C0FD01460098084301907E
:100B500007E046F20000C5F6020007F0B5FD01907F
:100B6000FFE7019838B9FFE72199886840F61F72BE
:100B700090438860FFE7FFE708E02499486D40F064
:100B80002000486501208DF88B00FFE7FFE72499DE
:100B9000002081F85000FFE79DF88B008DF897004A
:100BA000FFE79DF8970026B080BD00000000000020
:100BB00080B5AAB02690259100208DF89300219051
:100BC000269890F83800012801D1FFE700E0FFE700
:100BD0002598C0680021C4F2FF71884201D0FFE768
:100BE0001EE02698006842F20001C4F20201884229
:100BF00001D1FFE7FFE72698006842F20011C4F236
:100C00000201884201D1FFE7FFE72698006846F21B
:100C10000001C5F60201884201D1FFE7FFE7FFE7C7
:100C2000FFE7269890F85000012804D1FFE7022042
:100C30008DF89F00F1E32699012081F85000FFE72D
:100C4000FFE72698006807F04FFD002840F0D183A9
:100C5000FFE72598C078000600282DD4FFE72598E7
:100C60000068000330B9FFE725980068C0F384608E
:100C70001E9015E02598006890FAA0F0289028981A
:100C800020B9FFE720208DF8A70005E02898B0FAEA
:100C900080F08DF8A700FFE79DF8A7001E90FFE702
:100CA0001E9800F01F01012000FA01F22698016849
:100CB000C8691043C861FFE72698006825990A684B
:100CC000496807F021FD2698006807F00DFD209087
:100CD0002698006807F0E0FC1F902098002840F05C
:100CE000B580FFE71F98002840F0B080FFE7269806
:100CF0000068259A1168926807F056FD41F20000DD
:100D0000C5F60040006800F07040B0F1805F0BD184
:100D1000FFE72598406926990968C96801F01C0118
:100D2000490888401D901FE026980068C068C006EA
:100D300000280BD4FFE72598406926990968C968FF
:100D400001F01C01490888401C900AE02598406980
:100D500026990968C96801F01001490888401C906B
:100D6000FFE71C981D90FFE71D98239025980069C8
:100D7000042821D0FFE72698006825990A680969A8
:100D8000239B07F07DFD26980068259A1169527E05
:100D9000013AB2FA82F25209D20707F08DFD269885
:100DA0000068259A1169127E013AB2FA82F252095C
:100DB000D20207F051FD48E026980068006E00F06E
:100DC000F84025990968B0EB816F07D1FFE72698B5
:100DD0000168086E20F000400866FFE7269800686A
:100DE000406E00F0F84025990968B0EB816F07D19B
:100DF000FFE726980168486E20F000404866FFE74C
:100E000026980068806E00F0F84025990968B0EBDC
:100E1000816F07D1FFE726980168886E20F00040B7
:100E20008866FFE726980068C06E00F0F8402599B4
:100E30000968B0EB816F07D1FFE726980168C86E9B
:100E400020F00040C866FFE7FFE7FFE7269800684C
:100E500007F032FC002840F0CB82FFE726980068BC
:100E6000259A1168D26807F0BBFC2598C06800215C
:100E7000C4F2FF71884240F05781FFE7269800686E
:100E80001B9042F20001C4F20201884240F0A480AB
:100E9000FFE7259800680221C0F23041884203D163
:100EA000FFE701201A9094E0259800680421C0F61D
:100EB0006001884205D1FFE74020C1F6201019905B
:100EC00084E0259800680821C0F69041884205D149
:100ED000FFE78020C1F65050189074E02598006814
:100EE0001021C1F2C001884206D1FFE740F2001094
:100EF000C2F28010179063E0259800682021C1F2AB
:100F0000F041884206D1FFE740F20020C2F2B05023
:100F1000169052E02598006840F20041C2F6002188
:100F2000884206D1FFE740F60000C2F63060159017
:100F300040E02598006840F60001C2F63061884222
:100F400006D1FFE741F20000C3F2602014902EE0CA
:100F50002598006841F20001C3F26021884206D161
:100F6000FFE742F20000C3F2906013901CE0259866
:100F700000680021C4F22131884205D1FFE700203A
:100F8000C4F2527012900CE0259801680022C4F659
:100F900084320020914204BF0020C4F6B870129041
:100FA000FFE712981390FFE713981490FFE7149847
:100FB0001590FFE715981690FFE716981790FFE732
:100FC00017981890FFE718981990FFE719981A904A
:100FD000FFE71A981190A2E02698006842F20011EB
:100FE000C4F20201884240F09480FFE7259800682F
:100FF0000221C0F23041884203D1FFE70120109066
:1010000084E0259800680421C0F66001884205D17B
:10101000FFE74020C1F620100F9074E0259800688B
:101020000821C0F69041884205D1FFE78020C1F633
:1010300050500E9064E0259800681021C1F2C00164
:10104000884206D1FFE740F20010C2F280100D90F6
:1010500053E0259800682021C1F2F041884206D172
:10106000FFE740F20020C2F2B0500C9042E0259819
:10107000006840F20041C2F60021884206D1FFE735
:1010800040F60000C2F630600B9030E02598006812
:1010900040F60001C2F63061884206D1FFE741F216
:1010A0000000C3F260200A901EE02598006841F21B
:1010B0000001C3F26021884206D1FFE742F200003E
:1010C000C3F2906009900CE0259801680022C4F6F4
:1010D00084320020914204BF0020C4F6B870099009
:1010E000FFE709980A90FFE70A980B90FFE70B9833
:1010F0000C90FFE70C980D90FFE70D980E90FFE71E
:101100000E980F90FFE70F981090FFE71098089047
:1011100002E000200890FFE708981190FFE71B9875
:10112000119907F011FBFFE72598C0780006002809
:1011300040F15D81FFE726980168012042F200023C
:10114000C4F20202914207900CD0FFE72698006893
:101150004DF60071CBF6FD710844B0FA80F04009FD
:101160000790FFE70798C10746F20030C5F6020076
:1011700000291CBF42F20030C4F2020007F084FADA
:101180002290269801684FF0010042F20002C4F25A
:101190000202914206900CD0FFE7269800684DF6B7
:1011A0000071CBF6FD710844B0FA80F0400906905A
:1011B000FFE70698C10746F20030C5F60200002995
:1011C0001CBF42F20030C4F2020042F20031C4F20D
:1011D0000201884212D1FFE742F20000C4F202008D
:1011E00007F06AFA049042F20010C4F2020007F01D
:1011F00063FA014604980843059007E046F20000B0
:10120000C5F6020007F058FA0590FFE70598002898
:1012100040F0E380FFE7259800680021CCF6843198
:10122000884255D1FFE79DF88A00000600284FD478
:10123000FFE72698006846F20001C5F602018842E1
:1012400045D1FFE726980168012042F20002C4F26E
:101250000202914203900CD0FFE7269800684DF6F9
:101260000071CBF6FD710844B0FA80F0400903909C
:10127000FFE70398C10746F20030C5F602000029D7
:101280001CBF42F20030C4F20200229941F4000176
:1012900007F0D2FA40F20000C2F2004000684FEAC4
:1012A000901042F66351C0F23E51A0FB01104FEA8C
:1012B00090114FF0020000EB41002190FFE72198D0
:1012C00020B1FFE7219801382190F8E7FFE783E09C
:1012D000259800680021CCF25271884238D1FFE78E
:1012E0009DF88B00C00798BBFFE72698006846F280
:1012F0000001C5F60201884229D1FFE7269801685E
:10130000012042F20002C4F20202914202900CD08B
:10131000FFE7269800684DF60071CBF6FD71084492
:10132000B0FA80F040090290FFE70298C10746F248
:101330000030C5F6020000291CBF42F20030C4F2A2
:101340000200229941F0807107F076FAFFE742E04F
:10135000259800680021CCF6B871884239D1FFE7A2
:101360009DF88A004006002833D4FFE726980068DD
:1013700046F20001C5F60201884229D1FFE726980E
:101380000168012042F20002C4F20202914201907F
:101390000CD0FFE7269800684DF60071CBF6FD7182
:1013A0000844B0FA80F040090190FFE70198C107B6
:1013B00046F20030C5F6020000291CBF42F20030A0
:1013C000C4F20200229941F4800107F035FAFFE7E8
:1013D00000E0FFE7FFE7FFE708E02699486D40F0EF
:1013E0002000486501208DF89300FFE7FFE7FFE745
:1013F00008E02699486D40F02000486501208DF8EE
:101400009300FFE7FFE72699002081F85000FFE7EF
:101410009DF893008DF89F00FFE79DF89F002AB08C
:1014200080BD00000000000010B58CB00A900020C4
:101430008DF8270006900A9820B9FFE701208DF863
:101440002F00D1E10A98C06838B1FFE70A98007F01
:10145000012801D1FFE7FFE7FFE70A98406D50B987
:10146000FFE70A9800F0C4F90A99002088650A99F4
:1014700081F85000FFE70A98006807F015F928B1D5
:10148000FFE70A98006807F0E3F8FFE70A980068AA
:1014900007F022F9E8B9FFE70A98006807F0E4F8D6
:1014A00040F20000C2F200400068800942F6635139
:1014B000C0F23E51A0FB0101012000EB911006900B
:1014C000FFE7069820B1FFE7069801380690F8E795
:1014D000FFE70A98006807F0FFF870B9FFE70A997C
:1014E000486D40F0100048650A99886D40F0010091
:1014F000886501208DF82700FFE70A98006807F04B
:10150000F3F807900A98406DC006002800F15E814C
:10151000FFE70798002840F05981FFE70A98406DDF
:1015200040F0020020F480700A9948650A9800682B
:1015300007F0C2F8002870D1FFE70A98016801207F
:1015400042F20002C4F20202914203900CD0FFE783
:101550000A9800684DF60071CBF6FD710844B0FAA8
:1015600080F040090390FFE70398C10746F200307E
:10157000C5F6020000291CBF42F20030C4F202008E
:1015800042F20031C4F20201884212D1FFE742F276
:101590000000C4F2020007F08FF8019042F2001040
:1015A000C4F2020007F088F801460198084302904F
:1015B00007E046F20000C5F6020007F07DF8029051
:1015C000FFE7029840BBFFE70A980168012042F25A
:1015D0000002C4F20202914200900CD0FFE70A9888
:1015E00000684DF60071CBF6FD710844B0FA80F04A
:1015F00040090090FFE70098C10746F20030C5F6A9
:10160000020000291CBF42F20030C4F202000A9915
:10161000496807F001F9FFE7FFE701F085F841F2BB
:101620000401884213D3FFE70A98806810280ED17E
:10163000FFE70A994A7D086B40EA42308A68104306
:10164000097F40EA014040F00C0008900BE00A9945
:101650004A7D086B40EA42308A681043097F40EABD
:1016600001400890FFE70A98007F01280BD1FFE7AF
:101670000A98016A0020CFF6FE7000EB41410898FD
:1016800008430890FFE70A98406A50B1FFE70A99BB
:10169000486A896A00F47870014308980843089002
:1016A000FFE70A980068C0684CF20301CFF6F071BA
:1016B0000840089908430A990968C8600A980068B0
:1016C00007F012F805900A98006806F0E5FF04900C
:1016D0000598002859D1FFE70498002855D1FFE765
:1016E0000A98017DC06A40EA813008900A98006833
:1016F000C06844F203018843089908430A990968BD
:10170000C8600A9890F83800012829D1FFE70A98A4
:10171000406A20B1FFE70A98806A08B9FFE7FFE74F
:101720000A98006800694FF61E01CFF6004100EAF2
:1017300001020A9B1968DC6BD3F840E0D3F844C07F
:101740000020CFF6FF7000EB044040EA0E0040EAB4
:101750000C009B6C1843104340F00100086106E048
:101760000A980168086920F001000861FFE70A98FB
:101770000068006920F070400A9A1168526B1043AB
:1017800008610A98FEF734FEFFE70A98C06801284E
:101790000CD1FFE70A980068006B20F00F000A9A4E
:1017A00011689269013A1043086306E00A980168DB
:1017B000086B20F00F000863FFE70A98406D40F0C7
:1017C000010020F002000A99486508E00A99486D76
:1017D00040F01000486501208DF82700FFE79DF8D4
:1017E00027008DF82F00FFE79DF82F000CB010BDEB
:1017F00080B596B01590002014901390129011901F
:1018000010901598006842F20001C4F2020188426B
:1018100040F08480FFE7FFE744F2D840C5F60200BD
:10182000016841F020010160006800F020000F9085
:101830000F98FFE7FFE744F2E040C5F602000168B9
:1018400041F001010160006800F001000E900E9867
:10185000FFE7FFE744F2E040C5F60200016841F00F
:1018600004010160006800F004000D900D98FFE78E
:10187000FFE744F2E040C5F60200016841F00201D2
:101880000160006800F002000C900C98FFE7FFE791
:1018900044F2E040C5F60200016841F02001016019
:1018A000006800F020000B900B98FFE7C02010901C
:1018B0000320049011900020059012900020C5F69E
:1018C000020010A9069100F033FD049A05980699CC
:1018D000102310931192129040F60000C5F60200FA
:1018E00000F026FD049A05980699022310931192A0
:1018F000129040F20040C5F6020000F019FD049A73
:10190000059806994FF4C05310931192129041F22A
:101910000040C5F6020000F00BFD70E0159800686D
:1019200046F20001C5F60201884267D1FFE7FFE7F2
:1019300044F2E040C5F60200016841F080710160A8
:10194000006800F080700A900A98FFE7FFE744F211
:10195000E040C5F60200016841F020010160006826
:1019600000F0200009900998FFE7FFE744F2E0400B
:10197000C5F60200016841F004010160006800F052
:10198000040008900898FFE7FFE744F2E040C5F63E
:101990000200016841F080010160006800F08000F1
:1019A00007900798FFE74FF48A601090032001909A
:1019B000119000200290129041F20040C5F6020002
:1019C00010A9039100F0B4FC019A029803991092B7
:1019D0001192129040F60000C5F6020000F0A8FC3B
:1019E000019A02980399042310931192129041F6E0
:1019F0000040C5F6020000F09BFCFFE7FFE716B0D1
:101A000080BD00000000000080B58AB008900791FA
:101A1000069200208DF81700089818B1FFE7079884
:101A200020B9FFE701208DF8270049E107980069F8
:101A3000012801D1FFE7FFE707980068042801D1DA
:101A4000FFE706E007988068022801D1FFE7FFE77B
:101A5000FFE7FFE708984079012804D1FFE702205B
:101A60008DF827002CE1089901204871FFE7FFE776
:101A70000899022008710798006804287ED1FFE7C2
:101A800000F05AFE0290069878BBFFE7FFE708983F
:101A90000068406B48F20001C2F2000108421ED00B
:101AA000FFE700F049FE0299401A022816D3FFE72B
:101AB00008980068406B48F20001C2F20001084239
:101AC0000BD0FFE70899086940F008000861089901
:101AD000032008718DF82700F2E0FFE7D7E70798A9
:101AE000806908990968086426E0FFE7089800689B
:101AF000406BC00FD0B1FFE700F01EFE0299401A04
:101B0000022812D3FFE708980068406BC00F58B155
:101B1000FFE70899086940F0080008610899032068
:101B200008718DF82700CBE0FFE7DFE707988069B1
:101B3000089909684864FFE708980068806C06996E
:101B400001F0100240F2FF31914088430799C969C2
:101B50009140084308990968886408980068C06C37
:101B6000069901F01002FF21914088430799096A04
:101B70009140084308990968C864FFE7079800691D
:101B800001281ED1FFE708980068806B0490069832
:101B900000F010011F2000FA01F10498884304901E
:101BA0000798406903900398069901F0100100FA24
:101BB00001F104980843049004980899096888631F
:101BC000FFE708980068C06B0490069800F01001C9
:101BD000072000FA01F10498884304900798C06830
:101BE000012803D1FFE70020019013E00798C068A7
:101BF000022803D1FFE7012001900AE007988068DE
:101C000018B9FFE70120019002E000200190FFE7F2
:101C1000FFE7FFE7079908688968084301990843C7
:101C200003900398069901F0100100FA01F104985D
:101C300008430490049808990968C863069800F05E
:101C400010014FF4804000FA01F20898016808681A
:101C5000904308600898006800680490069800F0B7
:101C6000100140F6FE7000FA01F1049888430490D8
:101C70000798406803900398069901F0100100FA54
:101C800001F10498084304900498089909680860D1
:101C9000069800F01001C02000FA01F208980168CF
:101CA000086890430860089901200871FFE70899C7
:101CB00000204871FFE79DF817008DF82700FFE727
:101CC0009DF827000AB080BD80B582B000900098D2
:101CD00020B9FFE701208DF8070016E00098007991
:101CE00038B9FFE7009900204871009800F014F817
:101CF000FFE7009902200871009900200861009A0E
:101D0000012111718DF80700FFE79DF8070002B06F
:101D100080BD00000000000080B588B00790002062
:101D2000069005900490039002900798006847F28F
:101D30000041C4F2000188422BD1FFE7FFE744F2E3
:101D4000E840C5F60200016841F0005101600068FA
:101D500000F0005001900198FFE7FFE744F2E040F7
:101D6000C5F60200016841F001010160006800F061
:101D7000010000900098FFE73020029003200390BC
:101D8000002004900020C5F6020002A900F0D0FA5D
:101D9000FFE708B080BD000080B584B0039000F07C
:101DA000CBFC0290039801900198013048B1FFE705
:101DB00040F20800C2F20040017801980844019006
:101DC000FFE7FFE700F0B8FC0299401A019988424A
:101DD00001D2FFE7F6E704B080BD0000000000007C
:101DE00080B598B016904CF20441C0F6000101A8ED
:101DF0004C22FEF7A2FA169820B9FFE701208DF8D1
:101E00005F00D9E1169800684AF20001C4F20001AF
:101E1000884206D1FFE71699086800F5807048608F
:101E2000FFE716988068B0F5407F01D1FFE7FFE734
:101E30001698006C08B1FFE7FFE71698806C08B1B0
:101E4000FFE7FFE71698006D08B1FFE7FFE7169878
:101E5000006E08B1FFE7FFE71699C86D096E0844E8
:101E600008B1FFE7FFE7169890F8980040B9FFE740
:101E70001699002081F89900169800F0A1F9FFE763
:101E800016980168886920F01000886100F054FC01
:101E90001590FFE71698006880690007002817D59D
:101EA000FFE700F049FC1599401A0B280FD3FFE714
:101EB0001699D1F89C0040F00100C1F89C001699D9
:101EC000032081F8980001208DF85F0074E1E1E7BC
:101ED00016980168886940F00100886100F02CFCC8
:101EE0001590FFE7169800688069C007B8B9FFE74A
:101EF00000F022FC1599401A0B280FD3FFE7169922
:101F0000D1F89C0040F00100C1F89C001699032014
:101F100081F8980001208DF85F004DE1E2E7169806
:101F20000168886940F0020088611698007C0128E9
:101F300007D1FFE716980168886920F040008861A2
:101F400006E016980168886940F040008861FFE764
:101F50001698407C012807D1FFE716980168886928
:101F600040F48040886106E016980168886920F492
:101F700080408861FFE71698807C012807D1FFE741
:101F800016980168886920F48050886106E01698E8
:101F90000168886940F480508861FFE716980068FE
:101FA000806920F44070169A116892681043886125
:101FB00016980168886920F0A40088611698016865
:101FC000086920F0100008611698C068012807D140
:101FD000FFE716980168886940F0040088612BE0EB
:101FE0001698C06830B3FFE71698C068022819D069
:101FF000FFE716980168886940F0800088611698AC
:102000000168086940F0100008611698C06803284C
:1020100007D1FFE716980168886940F020008861C1
:10202000FFE706E016980168886940F020008861A3
:10203000FFE700E0FFE7FFE7169A11685369906930
:10204000D2F81CE0A0F1010C6FF0FF0000EB0E20B5
:1020500040EA4C60126A013A10430022CFF6FF7248
:1020600002EB03421043C86116988068B0F5407FC8
:102070001CD1FFE7169A1168536A906AD2F82CE0D7
:1020800001386FF0FF0C0CEB0E2C40EA0C00D2F87C
:1020900030C06FF00F0202EB0C1210430022CFF69B
:1020A000FF7202EB03421043C860FFE71698006E10
:1020B00048B1FFE716980168426ED1F8C00010439E
:1020C000C1F8C000FFE71699C86D096E084480B1D9
:1020D000FFE716980068D0F8C80020F00700169AAD
:1020E0001168936E01AA52F823201043C1F8C8006A
:1020F000FFE71698006C80B1FFE716980068D0F8EB
:10210000BC0020F00700169A1168536C01AA52F81F
:1021100023201043C1F8BC00FFE71698806C88B1FB
:10212000FFE716980068D0F8BC0020F07000169AFF
:102130001168D36C01AA52F8232040EA0210C1F8BA
:10214000BC00FFE71698006D88B1FFE7169800689D
:10215000D0F8BC0020F4E060169A1168536D01AA13
:1021600052F8232040EA0220C1F8BC00FFE716988D
:1021700000684AF20001C4F20001884207D1FFE77B
:1021800016984168886820F003008860FFE7169978
:102190000020C1F894001699C1F89C0016990120FE
:1021A00081F898001698FEF753FA8DF853009DF8C1
:1021B00053008DF85F00FFE79DF85F0018B080BD09
:1021C00080B5BAB03990002038903790369035906D
:1021D000349004A8C021FEF7C9F8399800684AF283
:1021E0000001C4F2000188424AD1FFE700200590B7
:1021F0004FF400410491209004A802F089FA18B12C
:10220000FFE7FEF709FAFFE740F21000C2F20040D4
:102210000168013101600068012810D1FFE7FFE784
:1022200044F2EC40C5F60200016841F4807101609F
:10223000006800F4807003900398FFE7FFE7FFE772
:1022400044F2E040C5F60200016841F080010160FF
:10225000006800F0800002900298FFE74FF4C04051
:102260003490022035900020369037900920389025
:1022700041F60040C5F6020034A900F059F853E0D9
:10228000399800684AF20041C4F2000188424AD1FC
:10229000FFE7002005904FF400410491209004A82E
:1022A00002F036FA18B1FFE7FEF7B6F9FFE740F2A1
:1022B0001000C2F20040016801310160006801288D
:1022C00010D1FFE7FFE744F2EC40C5F602000168D9
:1022D00041F480710160006800F480700190019801
:1022E000FFE7FFE7FFE744F2E040C5F602000168C0
:1022F00041F002010160006800F0020000900098C7
:10230000FFE74FF440503490022035900020369083
:1023100037900920389040F20040C5F6020034A9F9
:1023200000F006F8FFE7FFE73AB080BD00000000CC
:1023300090B00F900E9100200D908020C5F6000007
:102340000A90FFE70E9800680D99C840002800F039
:10235000CF81FFE70E9800680D9A01219140084057
:102360000C900C98002800F0BF81FFE70E984068A1
:1023700000F00300012807D0FFE70E98406800F046
:10238000030002282FD1FFE70F9880680B900D986B
:102390004100032000FA01F10B9888430B900E983E
:1023A000C0680D99490000FA01F10B9808430B90A1
:1023B0000B980F9988600F9840680B900D99012039
:1023C00000FA01F10B9888430B900E984068C0F317
:1023D00000100D9900FA01F10B9808430B900B982F
:1023E0000F994860FFE70E98406800F0030003284B
:1023F00018D0FFE70F98C0680B900D98410003209C
:1024000000FA01F10B9888430B900E9880680D99A3
:10241000490000FA01F10B9808430B900B980F99B3
:10242000C860FFE70E98406800F00300022826D13C
:10243000FFE70F980D996FF0030202EA510108447B
:10244000006A0B900D9800F0070081000F2000FA41
:1024500001F10B9888430B900E9800690D9901F0DB
:102460000701890000FA01F10B9808430B900B98C3
:102470000F990D9B02EA530211440862FFE70F987F
:1024800000680B900D984100032000FA01F10B98B1
:1024900088430B900E98406800F003000D994900A6
:1024A00000FA01F10B9808430B900B980F99086004
:1024B0000E9880798007002800F01581FFE7FFE77C
:1024C00044F2F440C5F60200016841F002010160E7
:1024D000006800F0020009900998FFE70D9820F0CD
:1024E000030040F20841C5F6000140580B900D98DA
:1024F00000F0030081000F2000FA01F10B988843DF
:102500000B900F980021C5F60201884203D1FFE726
:10251000002008907AE00F9840F20041C5F60201D1
:10252000884203D1FFE7012007906CE00F9840F646
:102530000001C5F60201884203D1FFE702200690A0
:102540005EE00F9840F60041C5F60201884203D1D3
:10255000FFE70320059050E00F9841F20001C5F617
:102560000201884203D1FFE70420049042E00F9863
:1025700041F20041C5F60201884203D1FFE7052080
:10258000039034E00F9841F60001C5F6020188423D
:1025900003D1FFE70620029026E00F9841F60041A4
:1025A000C5F60201884203D1FFE70720019018E039
:1025B0000F9842F20001C5F60201884203D1FFE7FD
:1025C000082000900AE00F9942F20042C5F602028C
:1025D0000A20914208BF09200090FFE7009801906F
:1025E000FFE701980290FFE702980390FFE7039846
:1025F0000490FFE704980590FFE705980690FFE731
:1026000006980790FFE707980890FFE708980D994C
:1026100001F00301890000FA01F10B9808430B90C7
:102620000B980D9921F0030140F20842C5F6000213
:1026300088504FF0B04000680B900C990B9888437D
:102640000B900E988079C006002805D5FFE70C99FD
:102650000B9808430B90FFE70B984FF0B0410860D0
:102660000420C5F6000000680B900C990B98884375
:102670000B900E9880798006002805D5FFE70C990D
:102680000B9808430B90FFE70B980421C5F6000157
:1026900008600A9840680B900C990B9888430B903F
:1026A0000E9880798007002805D5FFE70C990B98D4
:1026B00008430B90FFE70B980A9948600A98006856
:1026C0000B900C990B9888430B900E988079C0075B
:1026D00028B1FFE70C990B9808430B90FFE70B9884
:1026E0000A990860FFE7FFE70D9801300D9029E691
:1026F00010B070470000000082B00190ADF80210E9
:102700008DF801209DF8010028B1FFE7BDF8020017
:102710000199886105E0BDF8020000040199886113
:10272000FFE702B07047000041F20000C5F600402C
:102730000068000C7047000041F29020C2F2004097
:10274000006870470000000083B00190009101987C
:1027500090F8410020283BD1FFE7FFE7019890F86F
:102760004000012804D1FFE702208DF80B0033E080
:102770000199012081F84000FFE7FFE7019924203B
:1027800081F8410001980168086820F001000860A4
:1027900001980168086820F480500860009A019848
:1027A000016808681043086001980168086840F0F3
:1027B000010008600199202081F84100FFE701999C
:1027C000002081F84000FFE700208DF80B0003E0B7
:1027D00002208DF80B00FFE79DF80B0003B0704757
:1027E00084B002900191029890F84100202840D1D5
:1027F000FFE7FFE7029890F84000012804D1FFE7C7
:1028000002208DF80F0038E00299012081F8400085
:10281000FFE7FFE70299242081F841000298016850
:10282000086820F0010008600298006800680090C5
:10283000009820F4706000900199009840EA01200F
:102840000090009802990968086002980168086879
:1028500040F0010008600299202081F84100FFE764
:102860000299002081F84000FFE700208DF80F005A
:1028700003E002208DF80F00FFE79DF80F0004B081
:10288000704700000000000080B582B00090009802
:1028900020B9FFE701208DF807007BE0009890F851
:1028A000410040B9FFE70099002081F840000098FE
:1028B00000F076F8FFE70099242081F841000098A5
:1028C0000168086820F0010008600098016840680D
:1028D00020F07060086100980168886820F400406A
:1028E00088600098C068012807D1FFE70098016858
:1028F000806840F40040886006E0009801688068C5
:1029000040F404408860FFE70098C068022807D1BF
:10291000FFE700980168486840F40060486006E0FE
:1029200000980168486820F400604860FFE700985C
:102930000168486848F20002C0F200221043486073
:1029400000980168C86820F40040C860009A1168C7
:10295000106953699269184340EA0220C860009ADE
:102960001168D069126A104308600098016808680D
:1029700040F001000860009900204864009A20217E
:1029800082F8411000990863009981F842008DF89F
:102990000700FFE79DF8070002B080BD00000000BF
:1029A00080B5C4B0439000204290419040903F9049
:1029B0003E900EA8C021FDF7D9FC4398006845F26F
:1029C0000041C4F2000188423CD1FFE700200F9093
:1029D00008210E912F900EA801F09AFE18B1FFE782
:1029E000FDF71AFEFFE7FFE744F2E040C5F60200FC
:1029F000016841F002010160006800F002000D90E2
:102A00000D98FFE7C0203E9012203F90002040909C
:102A100041900420429040F20040C5F602003EA9D9
:102A2000FFF786FCFFE744F2E840C5F602000168C4
:102A300041F400110160006800F400100C900C9843
:102A4000FFE7F7E04398006845F60001C4F2000193
:102A500088423CD1FFE700200F9008210E912F9073
:102A60000EA801F055FE18B1FFE7FDF7D5FDFFE711
:102A7000FFE744F2E040C5F60200016841F0800142
:102A80000160006800F080000B900B98FFE7302099
:102A90003E9012203F9000204090419004204290B0
:102AA00041F60040C5F602003EA9FFF741FCFFE7F2
:102AB00044F2E840C5F60200016841F4800101607B
:102AC000006800F480000A900A98FFE7B1E043989C
:102AD000006845F60041C4F20001884261D1FFE779
:102AE00000200F9008210E912F900EA801F010FEEB
:102AF00018B1FFE7FDF790FDFFE7FFE744F2E04084
:102B0000C5F60200016841F080010160006800F034
:102B1000800009900998FFE7FFE744F2E040C5F61E
:102B20000200016841F004010160006800F0040047
:102B300008900898FFE780203E90122001903F9077
:102B4000002002904090419004200390429041F672
:102B50000040C5F602003EA90491FFF7E9FB019B86
:102B6000029A039804994FF4007CCDF8F8C03F9383
:102B700040924192429040F60000C5F60200FFF7F5
:102B8000D7FBFFE744F2E840C5F60200016841F4D4
:102B900000010160006800F4000007900798FFE75B
:102BA00046E04398006841F60041C5F600018842BE
:102BB0003DD1FFE700200F9010210E9134900EA818
:102BC00001F0A6FD18B1FFE7FDF726FDFFE7FFE7DF
:102BD00044F2E040C5F60200016841F020010160C6
:102BE000006800F0200006900698FFE74FF4404090
:102BF0003E9012203F90002040904190042042904F
:102C000041F20040C5F602003EA9FFF791FBFFE745
:102C100044F2F440C5F60200016841F08001016011
:102C2000006800F0800005900598FFE7FFE7FFE7E8
:102C3000FFE7FFE744B080BD40F20800C2F2004069
:102C4000027841F29021C2F2004108681044086005
:102C5000704700000000000080B582B0032000F043
:102C600017F903F045F844F21842C5F6020211685C
:102C7000C1F303234CF25041C0F60001CB5C03F0DA
:102C80001F03D84000900098126802F00F02895C80
:102C900001F01F01C84040F20401C2F20041086087
:102CA000009840F20001C2F2004108600F2000F0DD
:102CB00013F820B1FFE701208DF8070005E000F0D0
:102CC000BBF800208DF80700FFE79DF8070002B071
:102CD00080BD00000000000080B582B0009040F28E
:102CE0000800C2F20040007820B9FFE701208DF80B
:102CF000070030E040F20000C2F20040006840F2FD
:102D00000801C2F200410A784FF47A71B1FBF2F186
:102D1000B0FBF1F004F0A4FA20B1FFE701208DF838
:102D2000070018E000980F280DD8FFE700994FF032
:102D3000FF30002200F094F8009840F20C01C2F23B
:102D40000041086003E001208DF8070003E0002047
:102D50008DF80700FFE79DF8070002B080BD000076
:102D600010B581B00090009840784EF69851CEF2A0
:102D7000000108604EF6A051CEF20001086820F074
:102D800001000860009840684EF69C52CEF20002A6
:102D90001060DDF800E09EF80C0000079EF80B20A4
:102DA00040EA02609EF800209EF808309EF809C0B4
:102DB0009EF80A4040EAC4409EF80D4040EA844034
:102DC0009EF80E4040EA44409EF80FE040EA0E4074
:102DD00040EA0C2040EA43001043086001B010BDF7
:102DE000BFF35F8F4EF62451CEF20001086820F445
:102DF000803008604EF69451CEF200010020086049
:102E0000704700000000000081B00090009840F082
:102E100001004EF69451CEF2000108604EF62451A6
:102E2000CEF20001086840F480300860BFF34F8F95
:102E3000BFF36F8F01B0704781B0FFE744F2F440F9
:102E4000C5F60200016841F002010160006800F06F
:102E5000020000900098FFE701B0704700000000FA
:102E600080B586B0ADF816000491039209F010FA0F
:102E70000290BDF91600019002980499039A06F099
:102E80006FFF0146019809F00BFA06B080BD000003
:102E900080B582B00190019809F026FA02B080BD99
:102EA00082B0019001980068009001990120C1F85A
:102EB000D8040199002081F8CC04009A916941F06E
:102EC00000619161009A516D0323C1F2000319431F
:102ED000516502B07047000080B58CB00A900A9826
:102EE00020B9FFE701208DF82F000EE10A9890F835
:102EF000950440B9FFE70A99002081F894040A98E4
:102F000000F00AF9FFE70A99032081F895040A986E
:102F1000006809F0A5F80A9B1868197C8DF8201044
:102F200059689A68DB680793069205910599069A95
:102F3000079BDDF820C0EE46CEF800C008F07CFE0E
:102F400040B1FFE70A99022081F8950401208DF82D
:102F50002F00DAE00A980068002109F011F940B169
:102F6000FFE70A99022081F8950401208DF82F00CF
:102F7000CBE000208DF82700FFE79DF827000A9995
:102F80000979884241DAFFE70A989DF8271001EB9A
:102F9000C10100EB8101012048759DF827000A99C5
:102FA00000EBC00201EB820108759DF827000A9929
:102FB00000EBC00201EB8201C8850A989DF827103A
:102FC00001EBC10100EB8101002008760A999DF810
:102FD000272002EBC20201EB8201C8610A999DF829
:102FE000272002EBC20201EB820108620A999DF8D8
:102FF000272002EBC20201EB82014862FFE79DF845
:10300000270001308DF82700B7E700208DF8270052
:10301000FFE79DF827000A99097988423EDAFFE721
:103020000A989DF8271001EBC10100EB81010020F7
:1030300081F855029DF827100A9A01EBC10302EBB3
:10304000830282F854120A999DF8272002EBC202EB
:1030500001EB820181F858020A999DF8272002EBC2
:10306000C20201EB8201C1F85C020A999DF8272097
:1030700002EBC20201EB8201C1F860020A999DF8DD
:10308000272002EBC20201EB8201C1F86402FFE7D4
:103090009DF8270001308DF82700BAE70A9B1868D1
:1030A000197C8DF8101059689A68DB6803930292B6
:1030B00001910199029A039BDDF810C0EE46CEF80B
:1030C00000C008F085FE40B1FFE70A99022081F8B0
:1030D000950401208DF82F0017E00A99002048740C
:1030E0000A99012081F895040A98007B012804D1EF
:1030F000FFE70A98FFF7D4FEFFE70A98006808F098
:103100004FFE00208DF82F00FFE79DF82F000CB038
:1031100080BD00000000000080B5B8B037900020EE
:103120003690359034903390329002A8C021FDF74C
:103130001DF9379800680021C4F20801884241D186
:10314000FFE7002003904FF4802002904FF480109E
:10315000249002A801F0DCFA18B1FFE7FDF75CFA51
:10316000FFE700F085F8FFE744F2E040C5F6020013
:10317000016841F001010160006800F00100019068
:103180000198FFE74FF4C0503290022033900020A6
:10319000349035900A2036900020C5F6020032A9FE
:1031A000FFF7C6F8FFE744F2D840C5F60200016811
:1031B00041F000610160006800F00060009000983C
:1031C000FFE7FFE738B080BD80B584B0029044F6D9
:1031D0000C00C5F60200006800F004010020B0EB0E
:1031E000910F13D1FFE744F60C00C5F6020000680A
:1031F00000F007000299884204D0FFE701208DF813
:103200000F002EE000208DF80F002AE044F60C019C
:10321000C5F60201086820F00700029A1043086012
:10322000FFF78AFA0190FFE744F60400C5F60200B2
:10323000006800F400510020B0EB513F0DD1FFE7D2
:10324000FFF77AFA0199401AB0F57A7F04D9FFE7BF
:1032500001208DF80F0004E0E6E700208DF80F0054
:10326000FFE79DF80F0004B080BD000000000000E3
:1032700044F60C01C5F60201086840F08070086051
:10328000704700000000000080B502F0DDFC44F251
:103290002041C5F602010968C1F302124CF2504107
:1032A000C0F60001895C01F01F01C84080BD00002C
:1032B00088B0079044F22840C5F60200016801F08A
:1032C000030106910068C0F30510059044F22C40FC
:1032D000C5F60200006800F001000490049844F272
:1032E0003441C5F60201096889B2C908484300EEB5
:1032F000100AB8EE400A8DED020A0598002800F089
:103300001B81FFE70698009048B1FFE7009801286D
:1033100069D0FFE70098022800F08980ABE044F212
:103320000040C5F60200006800F020010020B0EB6C
:10333000511F33D0FFE744F20040C5F60200006899
:10334000C0F3C10149F20000C0F2D030C840039080
:103350009DED030AB8EE400A9DED051AB8EE411A3C
:1033600080EE010A44F23040C5F6020000686FF3B7
:103370005F2001EE100AB8EE411A9DED022A9FED82
:10338000743A82EE032A31EE021AB7EE002A31EEC9
:10339000021A20EE010A8DED010A23E09DED050AD7
:1033A000B8EE401A9FED6C0A80EE010A44F23040FC
:1033B000C5F6020000686FF35F2001EE100AB8EE58
:1033C000411A9DED022A9FED623A82EE032A31EE08
:1033D000021AB7EE002A31EE021A20EE010A8DED34
:1033E000010AFFE76BE09DED050AB8EE401A9FED7C
:1033F000590A80EE010A44F23040C5F60200006826
:103400006FF35F2001EE100AB8EE411A9DED022A1B
:103410009FED4F3A82EE032A31EE021AB7EE002AF0
:1034200031EE021A20EE010A8DED010A47E09DED12
:10343000050AB8EE401A9FED450A80EE010A44F2F3
:103440003040C5F6020000686FF35F2001EE100AFD
:10345000B8EE411A9DED022A9FED3D3A82EE032A15
:1034600031EE021AB7EE002A31EE021A20EE010AFE
:103470008DED010A23E09DED050AB8EE401A9FED9F
:10348000360A80EE010A44F23040C5F602000068B8
:103490006FF35F2001EE100AB8EE411A9DED022A8B
:1034A0009FED2B3A82EE032A31EE021AB7EE002A84
:1034B00031EE021A20EE010A8DED010AFFE79DEDC3
:1034C000010A44F23040C5F60200016889B2490A97
:1034D00001EE101AB8EE411AB7EE002A31EE021AC8
:1034E00080EE010A0799BCEEC00A81ED000A9DED4D
:1034F000010A0168C1F3064101EE101AB8EE411A43
:1035000031EE021A80EE010A0799BCEEC00A81ED85
:10351000010A9DED010A0068C0F3066001EE100A81
:10352000B8EE411A31EE021A80EE010A0798BCEE9D
:10353000C00A80ED020A07E0079900200860079999
:10354000486007998860FFE708B07047001BB74BD9
:10355000000000460024744A0024744C000000005F
:1035600088B0079044F22840C5F60200016801F0D7
:10357000030106910068C0F30530059044F22C4029
:10358000C5F602000068C0F300100490049844F2ED
:103590003C41C5F60201096889B2C908484300EEFA
:1035A000100AB8EE400A8DED020A0598002800F0D6
:1035B0001B81FFE70698009048B1FFE700980128BB
:1035C00069D0FFE70098022800F08980ABE044F260
:1035D0000040C5F60200006800F020010020B0EBBA
:1035E000511F33D0FFE744F20040C5F602000068E7
:1035F000C0F3C10149F20000C0F2D030C8400390CE
:103600009DED030AB8EE400A9DED051AB8EE411A89
:1036100080EE010A44F23840C5F6020000686FF3FC
:103620005F2001EE100AB8EE411A9DED022A9FEDCF
:10363000743A82EE032A31EE021AB7EE002A31EE16
:10364000021A20EE010A8DED010A23E09DED050A24
:10365000B8EE401A9FED6C0A80EE010A44F2384041
:10366000C5F6020000686FF35F2001EE100AB8EEA5
:10367000411A9DED022A9FED623A82EE032A31EE55
:10368000021AB7EE002A31EE021A20EE010A8DED81
:10369000010AFFE76BE09DED050AB8EE401A9FEDC9
:1036A000590A80EE010A44F23840C5F6020000686B
:1036B0006FF35F2001EE100AB8EE411A9DED022A69
:1036C0009FED4F3A82EE032A31EE021AB7EE002A3E
:1036D00031EE021A20EE010A8DED010A47E09DED60
:1036E000050AB8EE401A9FED450A80EE010A44F241
:1036F0003840C5F6020000686FF35F2001EE100A43
:10370000B8EE411A9DED022A9FED3D3A82EE032A62
:1037100031EE021AB7EE002A31EE021A20EE010A4B
:103720008DED010A23E09DED050AB8EE401A9FEDEC
:10373000350A80EE010A44F23840C5F602000068FE
:103740006FF35F2001EE100AB8EE411A9DED022AD8
:103750009FED2B3A82EE032A31EE021AB7EE002AD1
:1037600031EE021A20EE010A8DED010AFFE79DED10
:10377000010A44F23840C5F60200016889B2490ADC
:1037800001EE101AB8EE411AB7EE002A31EE021A15
:1037900080EE010A0799BCEEC00A81ED000A9DED9A
:1037A000010A0168C1F3064101EE101AB8EE411A90
:1037B00031EE021A80EE010A0799BCEEC00A81EDD3
:1037C000010A9DED010A0068C0F3066001EE100ACF
:1037D000B8EE411A31EE021A80EE010A0798BCEEEB
:1037E000C00A80ED020A07E00799002008600799E7
:1037F000486007998860FFE708B07047001BB74B27
:10380000000000460024744A0024744C00000000AC
:1038100088B0079044F22840C5F60200016801F024
:10382000030106910068C0F30550059044F22C4056
:10383000C5F602000068C0F300200490049844F22A
:103840004441C5F60201096889B2C908484300EE3F
:10385000100AB8EE400A8DED020A0598002800F023
:103860001B81FFE70698009048B1FFE70098012808
:1038700069D0FFE70098022800F08980ABE044F2AD
:103880000040C5F60200006800F020010020B0EB07
:10389000511F33D0FFE744F20040C5F60200006834
:1038A000C0F3C10149F20000C0F2D030C84003901B
:1038B0009DED030AB8EE400A9DED051AB8EE411AD7
:1038C00080EE010A44F24040C5F6020000686FF342
:1038D0005F2001EE100AB8EE411A9DED022A9FED1D
:1038E000743A82EE032A31EE021AB7EE002A31EE64
:1038F000021A20EE010A8DED010A23E09DED050A72
:10390000B8EE401A9FED6C0A80EE010A44F2404086
:10391000C5F6020000686FF35F2001EE100AB8EEF2
:10392000411A9DED022A9FED623A82EE032A31EEA2
:10393000021AB7EE002A31EE021A20EE010A8DEDCE
:10394000010AFFE76BE09DED050AB8EE401A9FED16
:10395000590A80EE010A44F24040C5F602000068B0
:103960006FF35F2001EE100AB8EE411A9DED022AB6
:103970009FED4F3A82EE032A31EE021AB7EE002A8B
:1039800031EE021A20EE010A8DED010A47E09DEDAD
:10399000050AB8EE401A9FED450A80EE010A44F28E
:1039A0004040C5F6020000686FF35F2001EE100A88
:1039B000B8EE411A9DED022A9FED3D3A82EE032AB0
:1039C00031EE021AB7EE002A31EE021A20EE010A99
:1039D0008DED010A23E09DED050AB8EE401A9FED3A
:1039E000350A80EE010A44F24040C5F60200006844
:1039F0006FF35F2001EE100AB8EE411A9DED022A26
:103A00009FED2B3A82EE032A31EE021AB7EE002A1E
:103A100031EE021A20EE010A8DED010AFFE79DED5D
:103A2000010A44F24040C5F60200016889B2490A21
:103A300001EE101AB8EE411AB7EE002A31EE021A62
:103A400080EE010A0799BCEEC00A81ED000A9DEDE7
:103A5000010A0168C1F3064101EE101AB8EE411ADD
:103A600031EE021A80EE010A0799BCEEC00A81ED20
:103A7000010A9DED010A0068C0F3066001EE100A1C
:103A8000B8EE411A31EE021A80EE010A0798BCEE38
:103A9000C00A80ED020A07E0079900200860079934
:103AA000486007998860FFE708B07047001BB74B74
:103AB000000000460024744A0024744C00000000FA
:103AC00080B59AB0199118901898199980F480705F
:103AD0000843002840F0A880FFE744F25040C5F6B4
:103AE0000200006800F007000D900D980A9004286D
:103AF00000F295800A99DFE801F00316298C3C005A
:103B000044F20040C5F6020000688001002806D596
:103B1000FFE715A8FFF7CCFB16980E9002E00020F7
:103B20000E90FFE77EE044F20040C5F60200006818
:103B30000001002806D5FFE712A8FFF711FD129833
:103B40000E9002E000200E90FFE76BE044F2004090
:103B5000C5F6020000688000002806D5FFE70FA820
:103B6000FFF756FE0F980E9002E000200E90FFE740
:103B700058E044F24C40C5F60200006800F04050A6
:103B80000C9044F20040C5F602000068400700288F
:103B900011D5FFE70C9870B9FFE744F20040C5F675
:103BA00002000068C0F3C10149F20000C0F2D03049
:103BB000C8400E902CE044F20040C5F602000068B8
:103BC000C00500280BD5FFE70C98B0F1805F06D147
:103BD000FFE740F60010C0F23D000E9017E044F2FF
:103BE0000040C5F602000068800300280BD5FFE7FF
:103BF0000C98B0F1005F06D1FFE743F20060C0F21D
:103C00006E100E9002E000200E90FFE7FFE7FFE746
:103C100008E048F20000C0F2BB000E9002E0002075
:103C20000E90FFE700F06EBD1898199980F40070AF
:103C30000843002840F0B380FFE744F25040C5F647
:103C40000200006800F4E0700D900D98099090B1AA
:103C5000FFE70998402821D0FFE70998802830D055
:103C6000FFE70998C02800F08F80FFE70998B0F5BA
:103C7000807F39D08EE044F20040C5F60200006833
:103C80008001002806D5FFE715A8FFF711FB16985D
:103C90000E9002E000200E90FFE77EE044F200402C
:103CA000C5F6020000680001002806D5FFE712A84B
:103CB000FFF756FC12980E9002E000200E90FFE7EE
:103CC0006BE044F20040C5F6020000688000002866
:103CD00006D5FFE70FA8FFF79BFD0F980E9002E0B7
:103CE00000200E90FFE758E044F24C40C5F6020079
:103CF000006800F040500C9044F20040C5F602000D
:103D000000684007002811D5FFE70C9870B9FFE75D
:103D100044F20040C5F602000068C0F3C10149F258
:103D20000000C0F2D030C8400E902CE044F20040B9
:103D3000C5F602000068C00500280BD5FFE70C9807
:103D4000B0F1805F06D1FFE740F60010C0F23D0001
:103D50000E9017E044F20040C5F6020000688003B0
:103D600000280BD5FFE70C98B0F1005F06D1FFE704
:103D700043F20060C0F26E100E9002E000200E9040
:103D8000FFE7FFE7FFE708E048F20000C0F2BB00F2
:103D90000E9002E000200E90FFE700F0B2BC1898F1
:103DA000199980F480600843002840F0B580FFE74F
:103DB00044F25840C5F60200006800F460000D901F
:103DC0000D980890A8B1FFE70898B0F5001F23D020
:103DD000FFE70898B0F5800F31D0FFE70898B0F5FD
:103DE000C00F00F08F80FFE70898B0F5000F39D0C2
:103DF0008EE044F20040C5F6020000688001002811
:103E000006D5FFE715A8FFF753FA16980E9002E0C3
:103E100000200E90FFE77EE044F20040C5F602006D
:103E200000680001002806D5FFE712A8FFF798FBFD
:103E300012980E9002E000200E90FFE76BE044F233
:103E40000040C5F6020000688000002806D5FFE7A4
:103E50000FA8FFF7DDFC0F980E9002E000200E90F7
:103E6000FFE758E044F24C40C5F60200006800F05D
:103E700040500C9044F20040C5F602000068400734
:103E8000002811D5FFE70C9870B9FFE744F2004015
:103E9000C5F602000068C0F3C10149F20000C0F29B
:103EA000D030C8400E902CE044F20040C5F602002D
:103EB0000068C00500280BD5FFE70C98B0F1805FC3
:103EC00006D1FFE740F60010C0F23D000E9017E06B
:103ED00044F20040C5F602000068800300280BD5BC
:103EE000FFE70C98B0F1005F06D1FFE743F20060F6
:103EF000C0F26E100E9002E000200E90FFE7FFE788
:103F0000FFE708E048F20000C0F2BB000E9002E0BC
:103F100000200E90FFE7F3E31898199980F40060F1
:103F20000843002840F0B580FFE744F25840C5F64A
:103F30000200006800F0E0600D900D980790A8B1B5
:103F4000FFE70798B0F1807F23D0FFE70798B0F133
:103F5000007F31D0FFE70798B0F1407F00F08F80FD
:103F6000FFE70798B0F1806F39D08EE044F200404F
:103F7000C5F6020000688001002806D5FFE715A8F5
:103F8000FFF796F916980E9002E000200E90FFE7DA
:103F90007EE044F20040C5F60200006800010028FF
:103FA00006D5FFE712A8FFF7DBFA12980E9002E0A1
:103FB00000200E90FFE76BE044F20040C5F60200DF
:103FC00000688000002806D5FFE70FA8FFF720FC57
:103FD0000F980E9002E000200E90FFE758E044F2A8
:103FE0004C40C5F60200006800F040500C9044F2CE
:103FF0000040C5F6020000684007002811D5FFE721
:104000000C9870B9FFE744F20040C5F60200006862
:10401000C0F3C10149F20000C0F2D030C8400E9098
:104020002CE044F20040C5F602000068C0050028FC
:104030000BD5FFE70C98B0F1805F06D1FFE740F6A3
:104040000010C0F23D000E9017E044F20040C5F6AB
:1040500002000068800300280BD5FFE70C98B0F140
:10406000005F06D1FFE743F20060C0F26E100E90D1
:1040700002E000200E90FFE7FFE7FFE708E048F2CC
:104080000000C0F2BB000E9002E000200E90FFE79F
:1040900035E31898199980F480500843002840F0BF
:1040A000B580FFE744F25040C5F60200006800F416
:1040B000E0400B900B980690A8B1FFE70698B0F58A
:1040C000805F23D0FFE70698B0F5005F31D0FFE7AF
:1040D0000698B0F5405F00F08F80FFE70698B0F5D6
:1040E000804F39D08EE044F20040C5F602000068EF
:1040F0008001002806D5FFE715A8FFF7D9F8169824
:104100000E9002E000200E90FFE77EE044F20040B7
:10411000C5F6020000680001002806D5FFE712A8D6
:10412000FFF71EFA12980E9002E000200E90FFE7B3
:104130006BE044F20040C5F60200006880000028F1
:1041400006D5FFE70FA8FFF763FB0F980E9002E07C
:1041500000200E90FFE758E044F24C40C5F6020004
:10416000006800F040500C9044F20040C5F6020098
:1041700000684007002811D5FFE70C9870B9FFE7E9
:1041800044F20040C5F602000068C0F3C10149F2E4
:104190000000C0F2D030C8400E902CE044F2004045
:1041A000C5F602000068C00500280BD5FFE70C9893
:1041B000B0F1805F06D1FFE740F60010C0F23D008D
:1041C0000E9017E044F20040C5F60200006880033C
:1041D00000280BD5FFE70C98B0F1005F06D1FFE790
:1041E00043F20060C0F26E100E9002E000200E90CC
:1041F000FFE7FFE7FFE708E048F20000C0F2BB007E
:104200000E9002E000200E90FFE777E218981999CF
:1042100080F400500843002840F09580FFE744F206
:104220005040C5F60200006800F4E0200B900B98A7
:104230000590C8B1FFE70598B0F5803F18D0FFE7BB
:104240000598B0F5003F26D0FFE70598B0F5403F50
:1042500034D0FFE70598B0F5802F4AD0FFE70598E6
:10426000B0F5A02F58D06AE001F01AFD0E9069E079
:1042700044F20040C5F6020000680001002806D59F
:10428000FFE712A8FFF76CF913980E9002E00020E8
:104290000E90FFE756E044F20040C5F602000068C9
:1042A0008000002806D5FFE70FA8FFF7B1FA1098A5
:1042B0000E9002E000200E90FFE743E044F2004041
:1042C000C5F602000068400700280ED5FFE744F25B
:1042D0000040C5F602000068C0F3C10149F20000C9
:1042E000C0F2D030C8400E9002E000200E90FFE7F0
:1042F00028E044F20040C5F602000068C00500282E
:1043000006D5FFE740F60010C0F23D000E9002E037
:1043100000200E90FFE715E044F20040C5F60200D1
:1043200000688003002806D5FFE743F20060C0F272
:104330006E100E9002E000200E90FFE702E00020D9
:104340000E90FFE7D9E11898199980F400200843EE
:10435000002840F09180FFE744F25840C5F6020083
:10436000006800F440300B900B98049050B1FFE7C8
:104370000498B0F5803F18D0FFE70498B0F5003FEF
:1043800026D075E044F20040C5F602000068000146
:10439000002806D5FFE712A8FFF7E2F812980E9062
:1043A00002E000200E90FFE765E044F20040C5F611
:1043B000020000688000002806D5FFE70FA8FFF77D
:1043C00027FA11980E9002E000200E90FFE752E0CD
:1043D00044F24C40C5F60200006800F040500C90DA
:1043E00044F20040C5F6020000684007002811D5DD
:1043F000FFE70C9870B9FFE744F20040C5F60200F1
:104400000068C0F3C10149F20000C0F2D030C840DA
:104410000E902CE044F20040C5F602000068C00592
:1044200000280BD5FFE70C98B0F1805F06D1FFE7BD
:1044300040F60010C0F23D000E9017E044F200403C
:10444000C5F602000068800300280BD5FFE70C9832
:10445000B0F1005F06D1FFE743F20060C0F26E10DA
:104460000E9002E000200E90FFE7FFE7FFE702E07A
:1044700000200E90FFE73FE11898199980F48030F2
:104480000843D8BBFFE744F24C40C5F60200006881
:1044900000F480300B900B98039028B1FFE703984D
:1044A000B0F5803F13D025E044F20040C5F602008D
:1044B00000688001002806D5FFE715A8FEF7F8FE82
:1044C00016980E9002E000200E90FFE715E044F2EF
:1044D0000040C5F6020000680001002806D5FFE78D
:1044E00012A8FFF73DF814980E9002E000200E90FD
:1044F000FFE702E000200E90FFE7FCE01898199912
:1045000080F480400843002840F09580FFE744F2A3
:104510005840C5F60200006800F0E0400B900B9890
:104520000290C8B1FFE70298B0F1805F18D0FFE7B2
:104530000298B0F1005F26D0FFE70298B0F1405F2B
:1045400034D0FFE70298B0F1804F4AD0FFE70298DD
:10455000B0F1A04F58D06AE0FEF796FE0E9069E0E9
:1045600044F20040C5F6020000680001002806D5AC
:10457000FFE712A8FEF7F4FF13980E9002E0002068
:104580000E90FFE756E044F20040C5F602000068D6
:104590008000002806D5FFE70FA8FFF739F910982B
:1045A0000E9002E000200E90FFE743E044F200404E
:1045B000C5F602000068400700280ED5FFE744F268
:1045C0000040C5F602000068C0F3C10149F20000D6
:1045D000C0F2D030C8400E9002E000200E90FFE7FD
:1045E00028E044F20040C5F602000068C00500283B
:1045F00006D5FFE740F60010C0F23D000E9002E045
:1046000000200E90FFE715E044F20040C5F60200DE
:1046100000688003002806D5FFE743F20060C0F27F
:104620006E100E9002E000200E90FFE702E00020E6
:104630000E90FFE75EE01898199980F40040084357
:10464000002853D1FFE744F25040C5F6020000684D
:1046500000F040500B900B98019050B1FFE701988B
:10466000B0F1805F18D0FFE70198B0F1005F26D06D
:1046700038E044F20040C5F60200006880030028DC
:1046800006D5FFE743F20060C0F26E100E9002E024
:1046900000200E90FFE728E044F20040C5F602003B
:1046A00000688001002806D5FFE715A8FEF700FE88
:1046B00016980E9002E000200E90FFE715E044F2FD
:1046C0000040C5F6020000680001002806D5FFE79B
:1046D00012A8FEF745FF13980E9002E000200E90FE
:1046E000FFE702E000200E90FFE702E000200E90BE
:1046F000FFE7FFE7FFE7FFE7FFE7FFE7FFE7FFE78A
:10470000FFE7FFE70E981AB080BD00000000000030
:1047100080B59AB0189000208DF857008DF856009B
:104720001898C0780007002848D5FFE71898806ED1
:10473000149078B1FFE71498B0F5801F13D0FFE70D
:104740001498B0F5001F16D0FFE71498B0F5401F7D
:1047500019D019E044F22C41C5F60201086840F472
:104760000030086014E018980830022105F05CFB66
:104770008DF857000CE018982830022105F03CFC19
:104780008DF8570004E003E001208DF85700FFE7A3
:104790009DF8570060B9FFE744F25041C5F60201A9
:1047A000086820F44010189A926E1043086004E0E4
:1047B0009DF857008DF85600FFE7FFE718984078FE
:1047C000C007002840D0FFE71898806D1390042898
:1047D00020D81399DFE801F0030C141C1D0044F2EB
:1047E0002C41C5F60201086840F40030086015E06D
:1047F00018980830002105F017FB8DF857000DE0E0
:1048000018982830002105F0F7FB8DF8570005E0D7
:1048100004E003E001208DF85700FFE79DF8570002
:1048200060B9FFE744F25041C5F60201086820F084
:104830000700189A926D1043086004E09DF8570035
:104840008DF85600FFE7FFE71898407880070028AA
:104850004BD5FFE71898C06D129088B1FFE712980A
:10486000402816D0FFE7129880281AD0FFE7129848
:10487000C0281ED0FFE71298B0F5807F1AD01AE04A
:1048800044F22C41C5F60201086840F4003008608B
:1048900015E018980830002105F0C6FA8DF8570089
:1048A0000DE018982830002105F0A6FB8DF8570080
:1048B00005E004E003E001208DF85700FFE79DF8D4
:1048C000570060B9FFE744F25041C5F6020108689D
:1048D00020F4E070189AD26D1043086004E09DF84F
:1048E00057008DF85600FFE7FFE71898407840071B
:1048F000002850D5FFE71898D0F8A8001190A0B173
:10490000FFE71198B0F5001F18D0FFE71198B0F538
:10491000800F1BD0FFE71198B0F5C00F1ED0FFE746
:104920001198B0F5000F1AD01AE044F22C41C5F6E8
:104930000201086840F40030086015E0189808305B
:10494000002105F071FA8DF857000DE01898283015
:10495000002105F051FB8DF8570005E004E003E06D
:1049600001208DF85700FFE79DF8570068B9FFE771
:1049700044F25841C5F60201086820F46000189A14
:10498000D2F8A8201043086004E09DF857008DF885
:104990005600FFE7FFE7189840780007002850D539
:1049A000FFE71898D0F8AC001090A0B1FFE710987E
:1049B000B0F1807F18D0FFE71098B0F1007F1BD0D6
:1049C000FFE71098B0F1407F1ED0FFE71098B0F1DC
:1049D000806F1AD01AE044F22C41C5F60201086833
:1049E00040F40030086015E018980830002105F008
:1049F0001BFA8DF857000DE018982830002105F0BB
:104A0000FBFA8DF8570005E004E003E001208DF883
:104A10005700FFE79DF8570068B9FFE744F2584197
:104A2000C5F60201086820F0E060189AD2F8AC20C0
:104A30001043086004E09DF857008DF85600FFE72A
:104A4000FFE71898C078800700283ED5FFE7189840
:104A5000C06C0F90F0B1FFE70F98102808D0FFE767
:104A60000F9820280DD0FFE70F98302811D012E0C2
:104A700044F22C41C5F60201086840F40030086099
:104A80000DE018980830022105F0CEF98DF8570096
:104A900005E004E003E001208DF85700FFE79DF8F2
:104AA000570060B9FFE744F24C41C5F602010868BF
:104AB00020F03000189AD26C1043086004E09DF892
:104AC00057008DF85600FFE7FFE718984078C006BA
:104AD00000284ED5FFE71898006E0E90A0B1FFE7B2
:104AE0000E98B0F5805F18D0FFE70E98B0F5005F24
:104AF0001BD0FFE70E98B0F5405F1ED0FFE70E9881
:104B0000B0F5804F1AD01AE044F22C41C5F60201EC
:104B1000086840F40030086015E01898083000215B
:104B200005F082F98DF857000DE018982830002123
:104B300005F062FA8DF8570005E004E003E001207B
:104B40008DF85700FFE79DF8570060B9FFE744F282
:104B50005041C5F60201086820F4E040189A126E30
:104B60001043086004E09DF857008DF85600FFE7F9
:104B7000FFE718984078800600284CD5FFE7189882
:104B8000406E0D90C8B1FFE70D98B0F5803F15D08D
:104B9000FFE70D98B0F5003F18D0FFE70D98B0F58E
:104BA000403F1BD0FFE70D98B0F5802F17D0FFE7EF
:104BB0000D98B0F5A02F13D013E016E01898083028
:104BC000012105F031F98DF857000EE018982830D2
:104BD000012105F011FA8DF8570006E005E004E028
:104BE00003E001208DF85700FFE79DF8570060B9FA
:104BF000FFE744F25041C5F60201086820F4E020C6
:104C0000189A526E1043086004E09DF857008DF822
:104C10005600FFE7FFE718984078400600284ED579
:104C2000FFE71898D0F8B0000C90C8B1FFE70C98D7
:104C3000B0F1805F15D0FFE70C98B0F1005F18D09D
:104C4000FFE70C98B0F1405F1BD0FFE70C98B0F184
:104C5000804F17D0FFE70C98B0F1A04F13D013E0AE
:104C600016E018980830012105F0DEF88DF857009D
:104C70000EE018982830012105F0BEF98DF8570094
:104C800006E005E004E003E001208DF85700FFE7AF
:104C90009DF8570068B9FFE744F25841C5F6020194
:104CA000086820F0E040189AD2F8B020104308605D
:104CB00004E09DF857008DF85600FFE7FFE71898CD
:104CC0004078000600283BD5FFE71898006F0B904E
:104CD000D8B1FFE70B98B0F1805F05D0FFE70B98E4
:104CE000B0F1005F09D011E044F22C41C5F6020199
:104CF000086840F4003008600CE018980830012182
:104D000005F092F88DF8570004E003E001208DF8DB
:104D10005700FFE79DF8570060B9FFE744F25041A4
:104D2000C5F60201086820F04050189A126F10432F
:104D3000086004E09DF857008DF85600FFE7FFE794
:104D40001898C078C007002837D0FFE71898806C03
:104D50000A90032817D80A99DFE801F014020B1310
:104D600044F22C41C5F60201086840F400300860A6
:104D70000DE018980830022105F056F88DF857001C
:104D800005E004E003E001208DF85700FFE79DF8FF
:104D9000570060B9FFE744F24C41C5F602010868CC
:104DA00020F00300189A926C1043086004E09DF80C
:104DB00057008DF85600FFE7FFE718988078400607
:104DC000002840F1B480FFE744F60001C5F6020177
:104DD000086840F480700860FDF7AEFC1690FFE7AD
:104DE00044F60000C5F602000068C00500280CD497
:104DF000FFE7FDF7A1FC1699401A652804D3FFE7E9
:104E000003208DF8570000E0EAE79DF857000028DE
:104E100040F08780FFE744F27040C5F6020000686A
:104E200000F440701899D1F8B41001F44071884230
:104E300013D0FFE744F27041C5F60201086820F480
:104E400040701790086840F480300860086820F4CB
:104E50008030086017980860FFE71898D0F8B40011
:104E6000B0F5807F1FD1FFE7FDF766FC1690FFE7E6
:104E700044F27040C5F60200006800F00201002014
:104E8000B0EB510F0ED1FFE7FDF756FC1699401A13
:104E900041F28931884204D3FFE703208DF857009F
:104EA00000E0E5E7FFE79DF85700A0BBFFE7FFE75D
:104EB0001898D0F8B40000F44070B0F5407F13D1DA
:104EC000FFE744F21041C5F60201086820F47C5067
:104ED000189AD2F8B4204FF6F043C0F6FF731A4088
:104EE00040EA1210086008E044F21041C5F60201E1
:104EF000086820F47C500860FFE71898D0F8B420C8
:104F00006FF31F3244F27041C5F602010868104386
:104F10000860FFE704E09DF857008DF85600FFE7B2
:104F200004E09DF857008DF85600FFE7FFE718985A
:104F30000068C007002800F04C80FFE71898C06F99
:104F4000099028282BD80999DFE801F0152929298B
:104F50002929292916292929292929291E292929DF
:104F600029292929262929292929292927292929B6
:104F700029292929280016E018980830012104F071
:104F800053FF8DF857000EE018982830012105F0E6
:104F900033F88DF8570006E005E004E003E0012057
:104FA0008DF85700FFE79DF8570060B9FFE744F21E
:104FB0005441C5F60201086820F03800189AD26FF3
:104FC0001043086004E09DF857008DF85600FFE795
:104FD000FFE7189800788007002839D5FFE7189870
:104FE000806F0890052819D80899DFE801F00304BC
:104FF0000C14151616E018980830012104F014FF5F
:105000008DF857000EE018982830012104F0F4FFC5
:105010008DF8570006E005E004E003E001208DF87C
:105020005700FFE79DF8570060B9FFE744F254418D
:10503000C5F60201086820F00700189A926F104325
:10504000086004E09DF857008DF85600FFE7FFE781
:1050500018980078400700283BD5FFE71898D0F84B
:1050600094000790052819D80799DFE801F0030498
:105070000C14151616E018980830012104F0D4FE1F
:105080008DF857000EE018982830012104F0B4FF85
:105090008DF8570006E005E004E003E001208DF8FC
:1050A0005700FFE79DF8570068B9FFE744F2584101
:1050B000C5F60201086820F00700189AD2F894207B
:1050C0001043086004E09DF857008DF85600FFE794
:1050D000FFE718980078800600284ED5FFE718985B
:1050E000D0F890000690C8B1FFE70698B0F1805F55
:1050F00015D0FFE70698B0F1005F18D0FFE70698DB
:10510000B0F1405F1BD0FFE70698B0F1804F17D099
:10511000FFE70698B0F1A04F13D013E016E01898FF
:105120000830002104F080FE8DF857000EE018983A
:105130002830022104F060FF8DF8570006E005E0FA
:1051400004E003E001208DF85700FFE79DF85700C9
:1051500068B9FFE744F25441C5F60201086820F03F
:10516000E040189AD2F890201043086004E09DF8BF
:1051700057008DF85600FFE7FFE7189800784006C3
:1051800000284ED5FFE71898D0F89C000590C8B1CC
:10519000FFE70598B0F5806F15D0FFE70598B0F5EB
:1051A000006F18D0FFE70598B0F5406F1BD0FFE700
:1051B0000598B0F5805F17D0FFE70598B0F5A05FC0
:1051C00013D013E016E018980830002104F02CFEEC
:1051D0008DF857000EE018982830022104F00CFFDB
:1051E0008DF8570006E005E004E003E001208DF8AB
:1051F0005700FFE79DF8570068B9FFE744F25841B0
:10520000C5F60201086820F4E050189AD2F89C20F4
:105210001043086004E09DF857008DF85600FFE742
:10522000FFE718980078000600284ED5FFE7189889
:10523000D0F8A0000490C8B1FFE70498B0F5005F73
:1052400015D0FFE70498B0F5804F18D0FFE7049819
:10525000B0F5C04F1BD0FFE70498B0F5004F17D052
:10526000FFE70498B0F5204F13D013E016E018982C
:105270000830002104F0D8FD8DF857000EE0189892
:105280002830022104F0B8FE8DF8570006E005E052
:1052900004E003E001208DF85700FFE79DF8570078
:1052A00068B9FFE744F25841C5F60201086820F4E6
:1052B0006040189AD2F8A0201043086004E09DF8DE
:1052C00057008DF85600FFE7FFE7189800780007B1
:1052D000002820D5FFE71898D0F88400B0F5805F4B
:1052E0000CD1FFE718982830022104F085FE20B188
:1052F000FFE701208DF85600FFE7FFE744F2544135
:10530000C5F60201086820F44050189AD2F88420AB
:1053100010430860FFE718980078C006002820D5E1
:10532000FFE71898D0F89800B0F5807F0CD1FFE720
:1053300018982830022104F05FFE20B1FFE7012019
:105340008DF85600FFE7FFE744F25841C5F6020129
:10535000086820F44070189AD2F89820104308602A
:10536000FFE718988078000700283CD5FFE71898D9
:10537000D0F8A400039050B1FFE70398B0F5803F48
:105380000DD0FFE70398B0F5003F10D010E018985B
:105390000830002104F048FD8DF857000CE0189803
:1053A0002830022104F028FE8DF8570004E003E0C5
:1053B00001208DF85700FFE79DF8570068B9FFE717
:1053C00044F25841C5F60201086820F44030189AAA
:1053D000D2F8A4201043086004E09DF857008DF82F
:1053E0005600FFE7FFE718988078400700283FD570
:1053F000FFE71898D0F888000290B0F5801F0AD017
:10540000FFE70298B0F5001F0ED0FFE70298B0F555
:10541000401F11D011E044F22C41C5F6020108688A
:1054200040F4003008600CE018982830012104F0A6
:10543000E3FD8DF8570004E003E001208DF85700EC
:10544000FFE79DF8570068B9FFE744F25441C5F6FD
:105450000201086820F44010189AD2F888201043FE
:10546000086004E09DF857008DF85600FFE7FFE75D
:1054700018988078C007A8B3FFE71898006D0190CE
:1054800028B1FFE70198B0F5803F09D010E044F261
:105490002C41C5F60201086840F4003008600BE0BA
:1054A00018980830022104F0BFFC8DF8570003E083
:1054B00001208DF85700FFE79DF8570060B9FFE71E
:1054C00044F24C41C5F60201086820F48030189A75
:1054D000126D1043086004E09DF857008DF85600E7
:1054E000FFE7FFE71898C078800600280CD5FFE793
:1054F00018982830022104F07FFD20B1FFE7012039
:105500008DF85600FFE7FFE718988078800700289D
:105510003CD5FFE71898D0F880000090D0B1FFE7A5
:105520000098B0F5807F0AD0FFE70098B0F5007FC3
:105530000ED0FFE70098B0F5407F0AD00BE044F2B0
:105540002C41C5F60201086840F40030086006E00E
:1055500005E004E003E001208DF85700FFE79DF827
:10556000570068B9FFE744F25441C5F602010868E4
:1055700020F44070189AD2F880201043086004E0AC
:105580009DF857008DF85600FFE7FFE718988078E0
:10559000C00600280CD5FFE744F25041C5F60201D1
:1055A000086820F00040189A526F10430860FFE727
:1055B0001898C078C00600280DD5FFE744F21041C6
:1055C000C5F60201086820F48040189AD2F8B82085
:1055D00010430860FFE718988078800600280CD5F3
:1055E000FFE744F25041C5F60201086820F08070E0
:1055F000189AD26E10430860FFE71898C0784006EA
:10560000002811D5FFE7FFE744F21041C5F602017B
:10561000086820F4004008601898D0F8BC2008689A
:1056200010430860FFE7FFE71898C07800060028DD
:105630000CD5FFE744F24C41C5F60201086820F0A2
:105640004050189A526D10430860FFE71898807810
:10565000000600280DD5FFE744F25441C5F60201CB
:10566000086820F44000189AD2F88C201043086093
:10567000FFE718980079C00790B1FFE71898083045
:10568000002104F0D1FB8DF857009DF8570008B9B0
:10569000FFE704E09DF857008DF85600FFE7FFE7AD
:1056A000189800798007002812D5FFE7189808306D
:1056B000012104F0B9FB8DF857009DF8570008B997
:1056C000FFE704E09DF857008DF85600FFE7FFE77D
:1056D000189800794007002812D5FFE7189808307D
:1056E000022104F0A1FB8DF857009DF8570008B97E
:1056F000FFE704E09DF857008DF85600FFE7FFE74D
:10570000189800790007002812D5FFE7189828306C
:10571000002104F071FC8DF857009DF8570008B97E
:10572000FFE704E09DF857008DF85600FFE7FFE71C
:1057300018980079C006002812D5FFE7189828307D
:10574000012104F059FC8DF857009DF8570008B965
:10575000FFE704E09DF857008DF85600FFE7FFE7EC
:10576000189800798006002812D5FFE7189828308D
:10577000022104F041FC8DF857009DF8570008B94C
:10578000FFE704E09DF857008DF85600FFE7FFE7BC
:105790009DF8560020B9FFE700208DF8670003E070
:1057A00001208DF86700FFE79DF867001AB080BD03
:1057B00080B586B004900391049820B9FFE70120DA
:1057C0008DF817003CE2039842F20001C5F2002177
:1057D000096801F00F01884216D9FFE742F2000084
:1057E000C5F20020016821F00F01039A1143016006
:1057F000006800F00F000399884204D0FFE7012001
:105800008DF817001CE2FFE7049800784007002895
:1058100019D5FFE70498006944F21841C5F6020162
:10582000096801F0700188420CD9FFE744F2184181
:10583000C5F60201086820F07000049A126910434E
:105840000860FFE7FFE7049800780007002819D5F3
:10585000FFE70498406944F21C41C5F6020109685B
:1058600001F0700188420CD9FFE744F21C41C5F6F3
:105870000201086820F07000049A52691043086021
:10588000FFE7FFE704980078C006002819D5FFE776
:105890000498806944F21C41C5F60201096801F4CC
:1058A000E06188420CD9FFE744F21C41C5F60201D1
:1058B000086820F4E060049A926910430860FFE7EA
:1058C000FFE7049800788006002819D5FFE70498C0
:1058D000C06944F22041C5F60201096801F0700177
:1058E00088420CD9FFE744F22041C5F6020108685E
:1058F00020F07000049AD26910430860FFE7FFE7C8
:10590000049800788007002819D5FFE70498C0683C
:1059100044F21841C5F60201096801F00F018842FE
:105920000CD9FFE744F21841C5F60201086820F0DF
:105930000F00049AD26810430860FFE7FFE704985D
:105940000078C007002800F08C80FFE744F218417F
:10595000C5F60201086820F47060049A926810434A
:10596000086004984068022811D1FFE744F2004023
:10597000C5F60200006800F400310020B0EB514F82
:1059800004D1FFE701208DF8170059E13EE00498AB
:105990004068032811D1FFE744F20040C5F6020039
:1059A000006800F000710020B0EB516F04D1FFE7F8
:1059B00001208DF8170043E127E004984068012892
:1059C00011D1FFE744F20040C5F60200006800F480
:1059D00080710020B0EB112F04D1FFE701208DF87A
:1059E00017002DE110E044F20040C5F60200006807
:1059F00000F004010020B0EB910F04D1FFE701207B
:105A00008DF817001CE1FFE7FFE7FFE744F21041C4
:105A1000C5F60201086820F00700049A5268104396
:105A20000860FCF789FE0190FFE744F21040C5F6DC
:105A30000200006800F0380004994968B0EBC10F1B
:105A40000ED0FFE7FCF778FE0199401A41F2893148
:105A5000884204D3FFE703208DF81700F0E0E4E765
:105A6000FFE7049800788007002819D5FFE704981D
:105A7000C06844F21841C5F60201096801F00F013F
:105A800088420CD2FFE744F21841C5F602010868CB
:105A900020F00F00049AD26810430860FFE7FFE788
:105AA000039842F20001C5F20021096801F00F01DC
:105AB000884216D2FFE742F20000C5F200200168DA
:105AC00021F00F01039A11430160006800F00F00FC
:105AD0000399884204D0FFE701208DF81700AFE05A
:105AE000FFE7049800784007002819D5FFE70498DD
:105AF000006944F21841C5F60201096801F070011D
:105B000088420CD2FFE744F21841C5F6020108684A
:105B100020F07000049A126910430860FFE7FFE765
:105B2000049800780007002819D5FFE70498406919
:105B300044F21C41C5F60201096801F07001884277
:105B40000CD2FFE744F21C41C5F60201086820F0C0
:105B50007000049A526910430860FFE7FFE7049859
:105B60000078C006002819D5FFE70498806944F240
:105B70001C41C5F60201096801F4E06188420CD2BB
:105B8000FFE744F21C41C5F60201086820F4E0601A
:105B9000049A926910430860FFE7FFE704980078D1
:105BA0008006002819D5FFE70498C06944F2204117
:105BB000C5F60201096801F0700188420CD2FFE7C6
:105BC00044F22041C5F60201086820F07000049AF2
:105BD000D26910430860FFE7FFE700F089F844F25C
:105BE0001842C5F602021168C1F303234CF250417A
:105BF000C0F60001CB5C03F01F03D8400090009872
:105C0000126802F00F02895C01F01F01C84040F2E7
:105C10000401C2F200410860009840F20001C2F2A3
:105C20000041086040F20C00C2F200400068FDF73D
:105C300053F88DF80B009DF80B008DF81700FFE767
:105C40009DF8170006B080BD80B582B000F050F816
:105C500044F21842C5F602021168C1F303234CF264
:105C60005041C0F60001CB5C03F01F03D840019007
:105C70000198126802F00F02895C01F01F0120FAFE
:105C800001F140F20400C2F200400160019940F2CB
:105C90000002C2F200421160006802B080BD000044
:105CA00080B5FFF7D1FF44F21C41C5F60201096837
:105CB000C1F302124CF25041C0F60001895C01F0C0
:105CC0001F01C84080BD000080B5FFF7BDFF44F252
:105CD0001C41C5F602010968C1F302224CF2504191
:105CE000C0F60001895C01F01F01C84080BD0000C2
:105CF0008AB044F21040C5F60200006800F0380097
:105D000001460191182800F269810199DFE811F03C
:105D10001900660166016601660166016601660199
:105D20003A00660166016601660166016601660168
:105D30004000660166016601660166016601660152
:105D4000460044F20040C5F60200006800F0200161
:105D50000020B0EB511F0ED0FFE744F20040C5F623
:105D600002000068C0F3C10149F20000C0F2D03067
:105D7000C840029005E049F20000C0F2D030029025
:105D8000FFE731E140F60010C0F23D0002902BE148
:105D900043F20060C0F26E10029025E144F2284008
:105DA000C5F60200016801F0030108910068C0F324
:105DB0000510079044F22C40C5F60200006800F080
:105DC00001000690069844F23441C5F602010968C4
:105DD00089B2C908484300EE100AB8EE400A8DEDBA
:105DE000040A0798002800F0F580FFE70898009063
:105DF00048B1FFE70098012869D0FFE70098022822
:105E000000F08980ABE044F20040C5F60200006873
:105E100000F020010020B0EB511F33D0FFE744F227
:105E20000040C5F602000068C0F3C10149F200005D
:105E3000C0F2D030C84005909DED050AB8EE400A8A
:105E40009DED071AB8EE411A80EE010A44F2304087
:105E5000C5F6020000686FF35F2001EE100AB8EE8D
:105E6000411A9DED042A9FED633A82EE032A31EE3A
:105E7000021AB7EE002A31EE021A20EE010A8DED69
:105E8000030A23E09DED070AB8EE401A9FED5B0A76
:105E900080EE010A44F23040C5F6020000686FF35C
:105EA0005F2001EE100AB8EE411A9DED042A9FED25
:105EB000513A82EE032A31EE021AB7EE002A31EE91
:105EC000021A20EE010A8DED030AFFE76BE09DED5B
:105ED000070AB8EE401A9FED480A80EE010A44F224
:105EE0003040C5F6020000686FF35F2001EE100A33
:105EF000B8EE411A9DED042A9FED3E3A82EE032A48
:105F000031EE021AB7EE002A31EE021A20EE010A33
:105F10008DED030A47E09DED070AB8EE401A9FEDAC
:105F2000340A80EE010A44F23040C5F602000068EF
:105F30006FF35F2001EE100AB8EE411A9DED042ABE
:105F40009FED2C3A82EE032A31EE021AB7EE002AB8
:105F500031EE021A20EE010A8DED030A23E09DEDD9
:105F6000070AB8EE401A9FED240A80EE010A44F2B7
:105F70003040C5F6020000686FF35F2001EE100AA2
:105F8000B8EE411A9DED042A9FED1A3A82EE032ADB
:105F900031EE021AB7EE002A31EE021A20EE010AA3
:105FA0008DED030AFFE744F23040C5F602000068B9
:105FB00081B2012000EB512009909DED030A9DED77
:105FC000091AB8EE411A80EE010ABCEEC00A8DED46
:105FD000020A02E000200290FFE705E040F6001010
:105FE000C0F23D000290FFE702980AB0704700BF80
:105FF000001BB74B000000460024744A0024744C78
:1060000080B58CB00A900A9828B9FFE701208DF876
:106010002F0000F09DBD0A980078C007002800F00E
:10602000B980FFE744F21040C5F60200006800F0B6
:106030003800069044F22840C5F60200006805903A
:10604000069810280AD0FFE7069818281CD1FFE709
:10605000059800F00300022816D1FFE744F2004043
:10606000C5F60200006800F400310020B0EB514F8B
:1060700009D0FFE70A98406828B9FFE701208DF8AA
:106080002F0000F065BD84E0FFE70A984068B0F596
:10609000803F09D1FFE744F20041C5F602010868DC
:1060A00040F48030086032E00A98406868B9FFE741
:1060B00044F20041C5F60201086820F4803008600F
:1060C000086820F48020086020E00A984068B0F555
:1060D000A02F0DD1FFE744F20041C5F60201086888
:1060E00040F480200860086840F4803008600CE0CC
:1060F00044F20041C5F60201086820F480300860CF
:10610000086820F480200860FFE7FFE7FFE7FFE76B
:106110000A984068F0B1FFE7FCF70EFB0990FFE733
:1061200044F20040C5F60200006800F4003100208F
:10613000B0EB514F0DD1FFE7FCF7FEFA0999401A79
:10614000652805D3FFE703208DF82F0000F000BD80
:10615000E6E71DE0FCF7F0FA0990FFE744F20040A3
:10616000C5F60200006800F400310020B0EB514F8A
:106170000DD0FFE7FCF7E0FA0999401A652805D32E
:10618000FFE703208DF82F0000F0E2BCE6E7FFE711
:10619000FFE7FFE70A9800788007002840F11681A2
:1061A000FFE744F21040C5F60200006800F0380036
:1061B000049044F22840C5F6020000680390049859
:1061C00050B1FFE70498182878D1FFE79DF80C003C
:1061D0008007002872D1FFE744F20040C5F60200B4
:1061E000006800F004010020B0EB910F09D0FFE738
:1061F0000A98C06828B9FFE701208DF82F0000F049
:10620000A7BC44F20041C5F60201086820F019005D
:106210000A9AD26810430860FCF78EFA0990FFE7EB
:1062200044F20040C5F60200006800F004010020BE
:10623000B0EB910F0DD1FFE7FCF77EFA0999401AF8
:10624000032805D3FFE703208DF82F0000F080BC62
:10625000E6E7FFE7FCF768FA41F2030188421DD840
:10626000FFE70A98006940280AD1FFE744F2044199
:10627000C5F602010868202262F3113008600CE0C4
:1062800044F20441C5F60201086820F47C300A9A01
:10629000126940EA02300860FFE70CE044F2044172
:1062A000C5F60201086820F0FE400A9A126940EA29
:1062B00002600860FFE7FFE7FFE786E00A98C06832
:1062C00000285CD0FFE744F20041C5F602010868EF
:1062D00020F019000A9AD26810430860FCF72CFAE3
:1062E0000990FFE744F20040C5F60200006800F0A4
:1062F00004010020B0EB910F0DD1FFE7FCF71CFA71
:106300000999401A032805D3FFE703208DF82F00D1
:1063100000F01EBCE6E7FFE7FCF706FA41F20301D6
:1063200088421DD8FFE70A98006940280AD1FFE794
:1063300044F20441C5F602010868202262F31130DC
:1063400008600CE044F20441C5F60201086820F43C
:106350007C300A9A126940EA02300860FFE70CE0DC
:1063600044F20441C5F60201086820F0FE400A9A92
:10637000126940EA02600860FFE7FFE724E044F2A8
:106380000041C5F60201086820F001000860FCF732
:10639000D3F90990FFE744F20040C5F60200006817
:1063A00000F004010020B0EB910F0CD0FFE7FCF7E8
:1063B000C3F90999401A032804D3FFE703208DF895
:1063C0002F00C5E3E7E7FFE7FFE7FFE70A9800785C
:1063D000C006002840F1EB80FFE744F21040C5F60C
:1063E0000200006800F03800029044F22840C5F630
:1063F000020000680190029808280AD0FFE702987E
:10640000182850D1FFE7019800F0030001284AD175
:10641000FFE744F20040C5F60200006800F4807116
:106420000020B0EB112F09D0FFE70A98C06980283F
:1064300004D0FFE701208DF82F0089E3FFE7FCF788
:1064400073F941F2030188421DD8FFE70A98006AF8
:1064500020280AD1FFE744F20441C5F6020108688A
:10646000102262F39E6008600CE044F20441C5F61D
:106470000201086820F0F8400A9A126A40EA826035
:106480000860FFE70CE044F20C41C5F60201086821
:1064900020F07C500A9A126A40EA02600860FFE726
:1064A000FFE7FFE782E00A98C069002858D0FFE7BD
:1064B00044F20041C5F60201086840F0800008601F
:1064C000FCF73AF90990FFE744F20040C5F60200F4
:1064D000006800F480710020B0EB112F0CD1FFE7B1
:1064E000FCF72AF90999401A032804D3FFE703208F
:1064F0008DF82F002CE3E7E7FFE7FCF715F941F2F1
:10650000030188421DD8FFE70A98006A20280AD1B3
:10651000FFE744F20441C5F602010868102262F365
:106520009E6008600CE044F20441C5F60201086870
:1065300020F0F8400A9A126A40EA82600860FFE799
:106540000CE044F20C41C5F60201086820F07C50D2
:106550000A9A126A40EA02600860FFE7FFE724E057
:1065600044F20041C5F60201086820F0800008608E
:10657000FCF7E2F80990FFE744F20040C5F602009C
:10658000006800F480710020B0EB112F0CD0FFE701
:10659000FCF7D2F80999401A032804D3FFE7032037
:1065A0008DF82F00D4E2E7E7FFE7FFE7FFE70A985F
:1065B0000078000700284FD5FFE70A98406928B304
:1065C000FFE744F27441C5F60201086840F001009B
:1065D0000860FCF7B1F80990FFE744F27440C5F693
:1065E0000200006800F002010020B0EB510F0CD156
:1065F000FFE7FCF7A1F80999401A032804D3FFE745
:1066000003208DF82F00A3E2E7E724E044F2744171
:10661000C5F60201086820F001000860FCF78CF85C
:106620000990FFE744F27440C5F60200006800F0EC
:1066300002010020B0EB510F0CD0FFE7FCF77CF813
:106640000999401A032804D3FFE703208DF82F008F
:106650007EE2E7E7FFE7FFE70A9800788006002878
:106660004FD5FFE70A98806928B3FFE744F200415D
:10667000C5F60201086840F480500860FCF75CF839
:106680000990FFE744F20040C5F60200006800F4FC
:1066900000510020B0EB513F0CD1FFE7FCF74CF864
:1066A0000999401A032804D3FFE703208DF82F002F
:1066B0004EE2E7E724E044F20041C5F60201086833
:1066C00020F480500860FCF737F80990FFE744F2A7
:1066D0000040C5F60200006800F400510020B0EB55
:1066E000513F0CD0FFE7FCF727F80999401A03281F
:1066F00004D3FFE703208DF82F0029E2E7E7FFE747
:10670000FFE70A9800784007002840F1A780FFE7DC
:1067100044F60001C5F60201086840F48070086084
:10672000FCF70AF80990FFE744F60000C5F60200FE
:106730000068C00500280CD4FFE7FBF7FDFF0999AE
:10674000401A652804D3FFE703208DF82F00FFE1EE
:10675000EAE7FFE70A988068012809D1FFE744F2D9
:106760007041C5F60201086840F00100086031E0A0
:106770000A98806868B9FFE744F27041C5F60201E3
:10678000086820F001000860086820F00400086034
:106790001FE00A98806805280DD1FFE744F2704198
:1067A000C5F60201086840F004000860086840F07F
:1067B000010008600CE044F27041C5F6020108686F
:1067C00020F001000860086820F004000860FFE77E
:1067D000FFE7FFE7FFE70A988068F8B1FFE7FBF7FC
:1067E000ABFF0990FFE744F27040C5F60200006875
:1067F00000F002010020B0EB510F0ED1FFE7FBF7D4
:106800009BFF0999401A41F28931884204D3FFE77E
:1068100003208DF82F009BE1E5E71EE0FBF78CFFDE
:106820000990FFE744F27040C5F60200006800F0EE
:1068300002010020B0EB510F0ED0FFE7FBF77CFF09
:106840000999401A41F28931884204D3FFE70320B5
:106850008DF82F007CE1E5E7FFE7FFE70A98406A43
:10686000002800F07181FFE744F21040C5F60200F5
:10687000006800F03800182800F0E080FFE70A9870
:10688000406A022840F0B480FFE744F20041C5F6B8
:106890000201086820F080700860FBF74DFF099046
:1068A000FFE744F20040C5F60200006800F0007106
:1068B0000020B0EB516F0CD0FFE7FBF73DFF0999CB
:1068C000401A032804D3FFE703208DF82F003FE18F
:1068D000E7E7FFE744F22841C5F60201086840F205
:1068E000F33290430A9B9A6ADB6A42EA031210432E
:1068F00008600A99086BD1F834C08B6BCA6B0138F9
:106900006FF35F204FF60061CFF6FF7101EB4C2172
:1069100089B208440021CFF6FF7101EB034101F475
:10692000FE0108444FF07F4101EB026101F0FE419E
:10693000084444F23041C5F602010860FFE744F222
:106940002C41C5F602010091086820F001000860A2
:1069500044F23442C5F6020210684FF6F8739843C9
:106960000A9B9B6C40EAC3001060086820F00C0092
:106970000A9A126C10430860086820F002000A9A14
:10698000526C10430860086840F480300860086862
:1069900040F400300860086840F48020086008680F
:1069A00040F00100086044F20041C5F602010868A9
:1069B00040F080700860FBF7BFFE0990FFE744F2EB
:1069C0000040C5F60200006800F000710020B0EB46
:1069D000516F0CD1FFE7FBF7AFFE0999401A03286E
:1069E00004D3FFE703208DF82F00B1E0E7E724E0B0
:1069F00044F20041C5F60201086820F0807008608A
:106A0000FBF79AFE0990FFE744F20040C5F602004A
:106A1000006800F000710020B0EB516F0CD0FFE770
:106A2000FBF78AFE0999401A032804D3FFE70320E5
:106A30008DF82F008CE0E7E7FFE784E044F2284080
:106A4000C5F602000068089044F23040C5F6020026
:106A5000006807900A98406A012837D0FFE7089835
:106A600000F003000A99896A88422FD1FFE708984D
:106A700000F47C710A98C06AB0EB111F26D1FFE7C1
:106A800007986FF35F200A99096B013988421DD17D
:106A9000FFE7BDF81C100A98406B0138B0EB512F8E
:106AA00014D1FFE7079800F4FE010A98806B0138C3
:106AB000B0EB114F0AD1FFE7079800F0FE410A98AA
:106AC000C06B0138B0EB116F04D0FFE701208DF8E7
:106AD0002F003DE044F23440C5F60200006880B269
:106AE000C00808900A98806C0899884229D0FFE76E
:106AF00044F22C41C5F60201086820F0010008604C
:106B0000FBF71AFE0990FFE7FBF716FE0999401AFA
:106B100008B9FFE7F8E744F23441C5F60201086816
:106B20004FF6F87290430A9A926C40EAC2000860ED
:106B300044F22C41C5F60201086840F001000860EB
:106B4000FFE7FFE7FFE7FFE700208DF82F00FFE7F3
:106B50009DF82F000CB080BD80B586B004900498DD
:106B600020B9FFE701208DF817003AE10498406A48
:106B700008B9FFE7FFE704990020886204980068DD
:106B800043F20001C4F2010188421BD0FFE70498E0
:106B9000006843F60001C4F20001884212D0FFE70A
:106BA0000498006843F60041C4F20001884209D00D
:106BB000FFE70498C068102804D3FFE701208DF890
:106BC00017000EE1049803F0FFFA029004980068A1
:106BD00043F20001C4F20101884216D0FFE7049895
:106BE000006843F60001C4F2000188420DD0FFE7BF
:106BF0000498006843F60041C4F20001884204D0C2
:106C0000FFE7029808281FD8FFE70498006843F2BE
:106C10000001C4F20101884212D0FFE70498006825
:106C200043F60001C4F20001884209D0FFE704984E
:106C3000006843F60041C4F20001884208D1FFE732
:106C40000298112804D3FFE701208DF81700C8E04F
:106C5000049890F8810040B9FFE70499002081F87A
:106C60008000049800F0C4F8FFE70499022081F83E
:106C7000810004980168086820F001000860049809
:106C80000068806800F4F810039004988069B0F1FF
:106C9000806F1BD1FFE704984068B0F5800F04D1E6
:106CA000FFE70498806B50B1FFE70498406868B92B
:106CB000FFE70498806BB0F1805F07D1FFE704988D
:106CC0000168086840F480500860FFE70498807904
:106CD0004006002810D5FFE70498C06807280BD3AA
:106CE000FFE704980068006820F48070049A116837
:106CF000126D1043086006E004980168086820F4EB
:106D000080700860FFE7049B1968DA68D869D3F8D7
:106D100028C040EA0C00DDF80CC040EA0C00DB6B38
:106D2000184310438860049A0192506B516A0843DB
:106D3000916B0843916908431168D2F804C09368C5
:106D4000D2F810E040EA0E00D2F814E040EA0E005B
:106D5000D2F820E040EA0E0040EA0C00D2F84CC025
:106D600040EA0C001843936C1843926D1043C860BE
:106D70000498406898B9FFE704980068806801218A
:106D800061F3CC20049909688860049800688068E1
:106D9000022161F34A20049909688860FFE704989A
:106DA0000168086D20F001000865049880794006AC
:106DB00000280BD5FFE704980068C06820F0004069
:106DC000049A1168526D1043C860FFE704990020CF
:106DD000C1F88400049A012182F881108DF817000F
:106DE000FFE79DF8170006B080BD0000000000001E
:106DF00080B5D0B04F9000204E904D904C904B906D
:106E00004A901AA8C021F9F7B1FA4F98006843F2E6
:106E10000001C4F20101884262D1FFE700201B900B
:106E20004FF480511A9132901AA8FDF771FC18B1F5
:106E3000FFE7F9F7F1FBFFE7FFE744F2F040C5F6A3
:106E40000200016841F480510160006800F4805044
:106E500019901998FFE7FFE744F2E040C5F60200F9
:106E6000016841F008010160006800F00800189016
:106E70001898FFE7FFE744F2E040C5F6020001681A
:106E800041F040010160006800F040001790179841
:106E9000FFE780204A90022007904B900020089046
:106EA0004C904D90052009904E9040F60040C5F65C
:106EB00002004AA90A91FBF73BFA079B089A099836
:106EC0000A994FF4206CCDF828C14B934C924D9207
:106ED0004E9041F60000C5F60200FBF729FAADE13D
:106EE0004F98006843F60001C4F20001884263D164
:106EF000FFE700201B904FF480511A9132901AA89E
:106F0000FDF706FC18B1FFE7F9F786FBFFE7FFE79F
:106F100044F2E840C5F60200016841F48041016096
:106F2000006800F4804016901698FFE7FFE744F2EF
:106F3000E040C5F60200016841F00201016000680E
:106F400000F0020015901598FFE7FFE744F2E040DB
:106F5000C5F60200016841F480710160006800F428
:106F6000807014901498FFE74FF480604A900220DC
:106F700003904B90002004904C904D90052005907C
:106F80004E9040F20040C5F602004AA90691FBF778
:106F9000CFF9039B049A059806994FF0080CCDF899
:106FA00028C14B934C924D924E9042F20000C5F690
:106FB0000200FBF7BDF940E14F98006843F600413D
:106FC000C4F20001884260D1FFE700201B904FF41B
:106FD00080511A9132901AA8FDF79AFB18B1FFE779
:106FE000F9F71AFBFFE7FFE744F2E840C5F60200B5
:106FF000016841F400410160006800F40040139012
:107000001398FFE7FFE744F2E040C5F6020001688D
:1070100041F004010160006800F004001290129831
:10702000FFE7FFE744F2E040C5F60200016841F0E7
:1070300008010160006800F0080011901198FFE756
:107040004FF440604A90022000904B900020019045
:107050004C904D9006204E9040F60000C5F6020080
:107060004AA90291FBF764F9009A0198029940231A
:107070004A934B924C904D9005204E9040F6004024
:10708000C5F60200FBF754F9D6E04F98006843F2CA
:107090000041C4F2010188423DD1FFE700201B906E
:1070A0004FF400511A9133901AA8FDF731FB18B133
:1070B000FFE7F9F7B1FAFFE7FFE744F2F040C5F662
:1070C0000200016841F400510160006800F40050C2
:1070D00010901098FFE7FFE744F2E040C5F6020089
:1070E000016841F010010160006800F010000F908D
:1070F0000F98FFE764204A9002204B9000204C90AC
:107100004D9005204E9041F20000C5F602004AA9BC
:10711000FBF70EF98FE04F98006845F20001C4F2CA
:10712000010188423ED1FFE700201B904FF400513F
:107130001A9133901AA8FDF7EBFA18B1FFE7F9F7A7
:107140006BFAFFE7FFE744F2F040C5F60200016882
:1071500041F480110160006800F480100E900E98D8
:10716000FFE7FFE744F2E040C5F60200016841F0A6
:1071700020010160006800F020000D900D98FFE7ED
:107180004FF460704A9002204B9000204C904D903C
:1071900005204E9041F20040C5F602004AA9FBF7D7
:1071A000C7F847E04F98006841F20041C5F600017A
:1071B00088423ED1FFE700201B904FF480411A9196
:1071C00046901AA8FDF7A4FA18B1FFE7F9F724FAD8
:1071D000FFE7FFE744F2F440C5F60200016841F022
:1071E00020010160006800F020000C900C98FFE77F
:1071F000FFE744F2E040C5F60200016841F04001BB
:107200000160006800F040000B900B98FFE74FF41E
:10721000E0404A9002204B9000204C904D90052079
:107220004E9041F60000C5F602004AA9FBF780F82F
:10723000FFE7FFE7FFE7FFE7FFE7FFE750B080BDAD
:1072400082B00190009140F20441C5F60001086847
:10725000019A9043009A1043086002B07047000002
:1072600080B582B00190019802F0CAFF02B080BDE3
:1072700084B00290019100200090FFE7029890F8FE
:107280003C00012804D1FFE702208DF80F0074E0D4
:107290000299012081F83C00FFE7FFE7009820F009
:1072A000FF000199C96808430090009820F44070DD
:1072B0000199896808430090009820F48060019942
:1072C000496808430090009820F40060019909681B
:1072D00008430090009820F4805001990969084300
:1072E0000090009820F400500199496908430090EB
:1072F000009820F480400199896A08430090009822
:1073000020F470200199896940EA014000900298B8
:1073100000680021C4F20101884209D0FFE7029809
:10732000006840F20041C4F20101884217D1FFE732
:10733000009820F470000199496A40EA01500090D9
:10734000009820F080700199C96908430090009866
:1073500020F000700199096A08430090FFE7009847
:10736000029909684864FFE70299002081F83C000F
:10737000FFE700208DF80F00FFE79DF80F0004B035
:10738000704700000000000085B003900291FFE705
:10739000039890F83C00012804D1FFE702208DF803
:1073A000130099E00399012081F83C00FFE7FFE713
:1073B0000399022081F83D0003980068406801901D
:1073C0000398006880680090039800680021C4F268
:1073D0000101884209D0FFE70398006840F20041AC
:1073E000C4F2010188420AD1FFE7019820F470003D
:1073F000019002984168019808430190FFE70198C5
:1074000020F07000019002980168019808430190F3
:107410000198039909684860039800680021C4F244
:10742000010188423CD0FFE703980068B0F1804F2B
:1074300036D0FFE70398006840F20041C4F2000133
:1074400088422DD0FFE70398006840F60001C4F29F
:107450000001884224D0FFE70398006840F600410D
:10746000C4F2000188421BD0FFE70398006840F295
:107470000041C4F20101884212D0FFE7039800687E
:1074800041F60001C4F20001884209D0FFE70398E9
:10749000006844F20001C4F2010188420ED1FFE706
:1074A000009820F0800000900298816800980843BE
:1074B00000900098039909688860FFE7039901200C
:1074C00081F83D00FFE70399002081F83C00FFE7C9
:1074D00000208DF81300FFE79DF8130005B07047FA
:1074E00080B582B00090009820B9FFE701208DF8A8
:1074F000070045E0009890F83D0040B9FFE700998B
:10750000002081F83C00009800F03EF8FFE7009969
:10751000022081F83D00009951F8040B02F0DCFFD5
:107520000099012081F84800FFE70099012081F8C7
:107530003E00009981F83F00009981F840000099D1
:1075400081F84100009981F84200009981F84300D8
:10755000FFE7FFE70099012081F84400009981F8D6
:107560004500009981F84600009981F84700FFE73F
:107570000099012081F83D0000208DF80700FFE709
:107580009DF8070002B080BD85B0049004980068A3
:107590000021C4F20101884210D1FFE7FFE744F265
:1075A000F040C5F60200016841F001010160006889
:1075B00000F0010003900398FFE74AE00498006898
:1075C000B0F1804F10D1FFE7FFE744F2E840C5F685
:1075D0000200016841F001010160006800F0010053
:1075E00002900298FFE733E00498006840F600013B
:1075F000C4F20001884210D1FFE7FFE744F2E840FF
:10760000C5F60200016841F004010160006800F065
:10761000040001900198FFE719E00498006840F227
:107620000041C4F20101884210D1FFE7FFE744F2B4
:10763000F040C5F60200016841F0020101600068F7
:1076400000F0020000900098FFE7FFE7FFE7FFE788
:10765000FFE705B07047000080B586B00490039145
:1076600000208DF80B00FFE7049890F83C000128FB
:1076700004D1FFE702208DF81700D1E00499012022
:1076800081F83C00FFE7FFE70499022081F83D0004
:10769000049800688068019001984FF68871CFF6D1
:1076A000CE7108400190019820F47F40019001982C
:1076B000049909688860039800680090002800F029
:1076C0009580FFE70098102800F09080FFE7009871
:1076D000202800F08B80FFE70098302800F086809B
:1076E000FFE70098402874D0FFE70098502856D054
:1076F000FFE7009860285FD0FFE7009870282AD045
:10770000FFE70098B0F5805F24D0FFE70098B0F560
:10771000005F35D0FFE70098B0F5801F66D0FFE727
:107720000098B0F1101F61D0FFE700982021C0F24F
:10773000100188425AD0FFE700983021C0F21001B2
:10774000884253D0FFE700984021C0F210018842E0
:107750004CD052E055E004980068039B5A68996841
:10776000DB6802F08DFF0498006880680190019842
:1077700040F077000190019804990968886040E022
:1077800004980068039B5A689968DB6802F078FFE8
:1077900004980168886840F48040886031E004986B
:1077A0000068039A5168D26803F0FAFA04980068F6
:1077B000502102F081FF24E004980068039A516888
:1077C000D26803F015FB04980068602102F074FF92
:1077D00017E004980068039A5168D26803F0E0FA51
:1077E00004980068402102F067FF0AE004980068EE
:1077F0000399096802F060FF03E001208DF80B0097
:10780000FFE70499012081F83D00FFE7049900207B
:1078100081F83C00FFE79DF80B008DF81700FFE7AB
:107820009DF8170006B080BD80B586B00490039126
:10783000049820B9FFE701208DF817008AE004982A
:1078400090F83D0040B9FFE70499002081F83C0022
:10785000049800F085F8FFE70499022081F83D00C4
:107860000498016888684BF6F872CFF6FE721040F3
:107870008860049951F8040B02F02EFE0498006809
:1078800080680290049800688069019004980068FC
:10789000006A0090039801680298084302900198DA
:1078A00040F203318843019003998868896940EA6E
:1078B0000121019808430190019840F60C4188434A
:1078C000019001984FF2F001884301900399C86834
:1078D000C96940EA012101980843019003990869A8
:1078E000096A000140EA01310198084301900098BB
:1078F00020F022000090009820F08800009003996A
:107900004868496940EA01110098084300900298CC
:107910000499096888600198049909688861009849
:107920000499096808620499012081F848000499C3
:1079300081F83E00049981F83F00049981F84400E1
:10794000049981F84500049981F83D0000208DF8E4
:107950001700FFE79DF8170006B080BD000000008B
:1079600080B58EB00D9000200C900B900A9009907D
:1079700008900D98006840F20041C4F2000188426E
:107980002ED1FFE7FFE744F2E840C5F602000168A8
:1079900041F002010160006800F0020007900798C2
:1079A000FFE7FFE744F2E040C5F60200016841F05E
:1079B00002010160006800F0020006900698FFE7EF
:1079C000302008900220099000210A910B910C9020
:1079D00040F20040C5F6020008A9FAF7A9FC57E0FA
:1079E0000D98006840F60041C4F2000188424ED173
:1079F000FFE7FFE744F2E840C5F60200016841F006
:107A000008010160006800F0080005900598FFE794
:107A1000FFE744F2E040C5F60200016841F00101D1
:107A20000160006800F0010004900498FFE7FFE7A0
:107A300044F2E040C5F60200016841F080010160B7
:107A4000006800F0800003900398FFE70220019097
:107A500008900990002100910A910B910C90002050
:107A6000C5F6020008A90291FAF762FC009A019893
:107A700002994FF48063089309900A920B920C903C
:107A800041F60040C5F60200FAF752FCFFE7FFE7B7
:107A90000EB080BD0000000080B58AB009900020C3
:107AA00008900790069005900490099800680021BE
:107AB000C4F20101884221D1FFE7FFE744F2E04030
:107AC000C5F60200016841F010010160006800F095
:107AD000100003900398FFE74FF420600490022009
:107AE00005900020069007900120089041F20000C8
:107AF000C5F6020004A9FAF71BFC53E009980068D8
:107B000040F60001C4F20001884220D1FFE7FFE700
:107B100044F2E040C5F60200016841F0080101604E
:107B2000006800F0080002900298FFE74FF47040F0
:107B3000049002200590002106910791089040F6DC
:107B40000040C5F6020004A9FAF7F2FB29E0099803
:107B5000006840F20041C4F20101884220D1FFE7F1
:107B6000FFE744F2E040C5F60200016841F480718D
:107B70000160006800F4807001900198FFE7E02048
:107B800004900220059000200690079003200890A2
:107B900042F20000C5F6020004A9FAF7C9FBFFE7AC
:107BA000FFE7FFE70AB080BD80B586B0049003917F
:107BB000029200208DF80700FFE7049890F83C003F
:107BC000012804D1FFE702208DF81700C0E00499D6
:107BD000012081F83C00FFE7FFE70298009014289D
:107BE00000F2A7800099DFE801F00BA4A4A424A46C
:107BF000A4A43EA4A4A457A4A4A471A4A4A48A00E9
:107C000004980068039902F06FFD04980168886980
:107C100040F00800886104980168886920F0040039
:107C20008861039802690498016888691043886133
:107C300083E004980068039902F0FEFD049801684F
:107C4000886940F40060886104980168886920F4BC
:107C5000806088610398026904980168886940EA35
:107C60000220886169E004980068039902F09CFE94
:107C700004980168C86940F00800C8610498016868
:107C8000C86920F00400C86103980269049801687B
:107C9000C8691043C86150E004980068039902F075
:107CA0003BFF04980168C86940F40060C86104980B
:107CB0000168C86920F48060C8610398026904986B
:107CC0000168C86940EA0220C86136E0049800688B
:107CD000039902F091FF04980168486D40F0080094
:107CE000486504980168486D20F0040048650398D1
:107CF000026904980168486D104348651DE00498C6
:107D00000068039902F0E0FF04980168486D40F4B0
:107D10000060486504980168486D20F480604865FB
:107D20000398026904980168486D40EA022048659A
:107D300003E001208DF80700FFE7FFE7049900202A
:107D400081F83C00FFE79DF807008DF81700FFE77A
:107D50009DF8170006B080BD80B582B000900098F5
:107D600020B9FFE701208DF8070045E0009890F862
:107D70003D0040B9FFE70099002081F83C000098E1
:107D800000F03EF8FFE70099022081F83D000099DD
:107D900051F8040B02F0A0FB0099012081F8480083
:107DA000FFE70099012081F83E00009981F83F002B
:107DB000009981F84000009981F84100009981F80C
:107DC0004200009981F84300FFE7FFE70099012096
:107DD00081F84400009981F84500009981F8460037
:107DE000009981F84700FFE70099012081F83D00E4
:107DF00000208DF80700FFE79DF8070002B080BD66
:107E000081B0009001B0704783B00190FFE7019806
:107E100090F88400012804D1FFE702208DF80B00C0
:107E20002CE00199012081F88400FFE7FFE7019928
:107E30002420C1F88800019800680068009001982B
:107E40000168086820F001000860009820F00050E8
:107E5000009001990020486600980199096808601F
:107E600001992020C1F88800FFE70199002081F8DE
:107E70008400FFE700208DF80B00FFE79DF80B0062
:107E800003B070470000000080B584B002900191FB
:107E9000FFE7029890F88400012804D1FFE7022050
:107EA0008DF80F0032E00299012081F88400FFE78D
:107EB000FFE702992420C1F8880002980068006852
:107EC000009002980168086820F00100086002989C
:107ED0000068806820F06060019908430299096891
:107EE0008860029802F0B0FF009802990968086063
:107EF00002992020C1F88800FFE70299002081F84C
:107F00008400FFE700208DF80F00FFE79DF80F00C9
:107F100004B080BD0000000080B584B002900191E3
:107F2000FFE7029890F88400012804D1FFE70220BF
:107F30008DF80F0032E00299012081F88400FFE7FC
:107F4000FFE702992420C1F88800029800680068C1
:107F5000009002980168086820F00100086002980B
:107F60000068806820F06040019908430299096820
:107F70008860029802F068FF00980299096808601A
:107F800002992020C1F88800FFE70299002081F8BB
:107F90008400FFE700208DF80F00FFE79DF80F0039
:107FA00004B080BD0000000080B582B00090009851
:107FB00020B9FFE701208DF8070046E000988069AE
:107FC00008B1FFE700E0FFE70098D0F8880040B96B
:107FD000FFE70099002081F88400009800F03CF849
:107FE000FFE700992420C1F888000098016808681C
:107FF00020F0010008600098806A20B1FFE7009837
:1080000002F066FFFFE7009803F0FAF8012804D1B8
:10801000FFE701208DF8070017E000980168486825
:1080200020F49040486000980168886820F02A0099
:10803000886000980168086840F0010008600098B6
:1080400002F0EAFF8DF80700FFE79DF8070002B095
:1080500080BD00000000000080B5D8B0579000201F
:108060005690559054905390529022A8C021F8F702
:108070007DF95798006840F60041C5F60001884236
:108080003CD1FFE70020239004212291479022A8B1
:10809000FCF73EFB18B1FFE7F8F7BEFAFFE7FFE792
:1080A00044F2F440C5F60200016841F008010160A5
:1080B000006800F0080021902198FFE7FFE744F2F4
:1080C000E040C5F60200016841F00101016000686E
:1080D00000F0010020902098FFE74FF4C06052901C
:1080E0000220539000205490559003205690002079
:1080F000C5F6020052A9FAF71BF9A1E257980068E9
:1081000044F60041C4F20001884261D1FFE700203B
:10811000239002212291409022A8FCF7F9FA18B18D
:10812000FFE7F8F779FAFFE7FFE744F2E840C5F622
:108130000200016841F400210160006800F40020A1
:108140001F901F98FFE7FFE744F2E040C5F60200EA
:10815000016841F001010160006800F001001E901B
:108160001E98FFE7FFE744F2E040C5F60200016811
:1081700041F008010160006800F008001D901D98A2
:10818000FFE70120089052900220099053900020B0
:108190000A905490559008200B9056900020C5F6F8
:1081A000020052A90C91FAF7C3F8DDF820C0099B30
:1081B0000A9A0B980C99CDF848C153935492559252
:1081C000569040F60040C5F60200FAF7B1F836E2E4
:1081D0005798006845F20001C4F20001884262D15C
:1081E000FFE70020239002212291409022A8FCF773
:1081F0008FFA18B1FFE7F8F70FFAFFE7FFE744F24D
:10820000E840C5F60200016841F480110160006891
:1082100000F480101C901C98FFE7FFE744F2E04058
:10822000C5F60200016841F004010160006800F039
:1082300004001B901B98FFE7FFE744F2E040C5F6FF
:108240000200016841F008010160006800F00800C8
:108250001A901A98FFE74FF4805052900220049031
:108260005390002005905490559008200690569009
:1082700040F60000C5F6020052A90791FAF758F837
:10828000049B059A069807994FF0040CCDF848C155
:10829000539354925592569040F60040C5F6020012
:1082A000FAF746F8CAE15798006847F60001C4F2A9
:1082B000000188423DD1FFE7002023900221229156
:1082C000409022A8FCF724FA18B1FFE7F8F7A4F9C8
:1082D000FFE7FFE744F2E840C5F60200016841F01D
:1082E00080410160006800F0804019901998FFE714
:1082F000FFE744F2E040C5F60200016841F01001DA
:108300000160006800F0100018901898FFE74FF423
:10831000C070529002205390002054905590072036
:10832000569041F20000C5F6020052A9FAF700F893
:1083300083E15798006847F60041C4F20001884283
:108340003CD1FFE70020239002212291409022A8F7
:10835000FCF7DEF918B1FFE7F8F75EF9FFE7FFE792
:1083600044F2E840C5F60200016841F000410160B6
:10837000006800F0004017901798FFE7FFE744F20D
:10838000E040C5F60200016841F01001016000689C
:1083900000F0100016901698FFE70320529002207C
:1083A00053900020549055900820569041F20000C0
:1083B000C5F6020052A9F9F7BBFF3DE157980068E6
:1083C00041F20001C4F2010188423DD1FFE70020E3
:1083D000239001212291419022A8FCF799F918B12C
:1083E000FFE7F8F719F9FFE7FFE744F2F040C5F6B9
:1083F0000200016841F010010160006800F0100007
:1084000015901598FFE7FFE744F2E040C5F602003B
:10841000016841F002010160006800F00200149060
:108420001498FFE74FF440405290022053900020F0
:10843000549055900420569040F20040C5F602003A
:1084400052A9F9F775FFF6E05798006844F2004129
:10845000C4F2000188423BD1FFE7002023900221B3
:108460002291409022A8FCF753F918B1FFE7F8F7E2
:10847000D3F8FFE7FFE744F2E840C5F602000168E1
:1084800041F400310160006800F40030139013984B
:10849000FFE7FFE744F2E040C5F60200016841F063
:1084A00001010160006800F0010012901298FFE7DE
:1084B0000C20529002205390002054905590072099
:1084C00056900020C5F6020052A9F9F731FFB1E03D
:1084D0005798006844F60001C4F20001884262D156
:1084E000FFE70020239002212291409022A8FCF770
:1084F0000FF918B1FFE7F8F78FF8FFE7FFE744F24D
:10850000E840C5F60200016841F48021016000687E
:1085100000F4802011901198FFE7FFE744F2E0405B
:10852000C5F60200016841F002010160006800F038
:10853000020010901098FFE7FFE744F2E040C5F614
:108540000200016841F008010160006800F00800C5
:108550000F900F98FFE74FF40060529002200090B8
:10856000539000200190549055900720029056900F
:1085700040F20040C5F6020052A90391F9F7D8FE77
:10858000009B019A029803994FF4807CCDF848C172
:10859000539354925592569040F60040C5F602000F
:1085A000F9F7C6FE45E05798006841F20041C4F271
:1085B000010188423CD1FFE7002023900121229154
:1085C000419022A8FCF7A4F818B1FFE7F8F724F8C7
:1085D000FFE7FFE744F2F040C5F60200016841F012
:1085E00020010160006800F020000E900E98FFE767
:1085F000FFE744F2E040C5F60200016841F00401E3
:108600000160006800F004000D900D98FFE7C020A5
:10861000529002205390002054905590072056907D
:1086200040F60000C5F6020052A9F9F781FEFFE707
:10863000FFE7FFE7FFE7FFE7FFE7FFE7FFE7FFE70A
:1086400058B080BD00000000FFE7FEE7000000001A
:1086500081B00090009988684FF6C072C5F6FF722D
:108660001040886001B0704781B000900098806829
:1086700040F080504FF6C071C7F6FF710840009976
:10868000886001B07047000081B000900098806859
:1086900000F0E07001B0704781B0009000988068F1
:1086A000C0F3C00001B0704781B0009000988068AE
:1086B000C0F3407001B0704781B0009000988068AE
:1086C00000F0010001B0704781B000900098806810
:1086D00000F0010001B0704781B000900098806800
:1086E000C0F3007001B0704781B0009000988068BE
:1086F000C0F3800001B0704781B00090009880689E
:10870000C0F3800001B0704784B0039002910192E1
:108710000398029901F4407100EB91103030009001
:1087200000980068029901F01F021F2191408843C0
:108730000199C1F38461914008430099086004B035
:10874000704700000000000085B002900191019880
:10875000000328B9FFE70198C0F38460009014E09B
:10876000019890FAA0F00390039820B9FFE7202029
:108770008DF8130005E00398B0FA80F08DF813002F
:10878000FFE79DF813000090FFE7009800F01F013D
:10879000012000FA01F20299C8691043C86105B0CE
:1087A000704700000000000084B003900291019225
:1087B0000398029901F0007100EBD1501430009041
:1087C000009800680299C1F3045207219140884340
:1087D0000199914008430099086004B07047000077
:1087E00083B00290019100920298D0F8C0000199E4
:1087F0006FF31F518843009A02F018034FF6FF727F
:10880000C0F20F02DA40114008440299C1F8C000DA
:1088100003B070470000000082B001900091019801
:10882000806820F47C10009908430199886002B0A8
:10883000704700000000000082B001900091019894
:10884000806820F0E070009908430199886002B0C8
:10885000704700000000000083B002900191009278
:108860000298006920F4F0400099019A02F01F027A
:10887000914008430299086103B07047000000006E
:1088800085B004900391029201930498039900EB40
:108890008100603000900098006800F0004002996C
:1088A00001F0F841019A114308430099086005B0AE
:1088B000704700000000000084B003900291019214
:1088C0000398029900EB81006030009000980068E6
:1088D00020F00040019908430099086004B07047F7
:1088E00080B586B00020019005900490039002901E
:1088F000FAF776FA019801218DF808108DF8090031
:1089000003901F228DF8102087228DF811208DF8FA
:1089100012008DF813008DF814108DF815108DF8D5
:1089200016008DF8170002A8FAF71AFA0420FAF7D1
:108930006BFA06B080BD000080B58CB000220092BA
:108940000B920A920992089207920692059204925B
:108950000392029240F21400C2F20040019042F2EF
:108960000001C4F20201016042608260C260042121
:108970000161027542750121816102774262826262
:10898000C2620263426380F83820C163F8F74CFD8D
:1089900018B1FFE7F7F740FEFFE70020099040F22B
:1089A0001400C2F2004009A9F7F7B6FF18B1FFE7BB
:1089B000F7F732FEFFE70420C0F6600002900620C1
:1089C00003900020049040F2FF710591042106916C
:1089D00007908DF8210040F21400C2F2004002A975
:1089E000F8F7E6F818B1FFE7F7F716FEFFE70CB067
:1089F00080BD00000000000080B58AB00022019216
:108A0000099208920792069205920492039240F20C
:108A10007800C2F20040029046F20001C5F6020161
:108A200001608260C260042101610275427501210A
:108A30008161027742628262C2620263426380F8AD
:108A40003820C163F8F7F0FC18B1FFE7F7F7E4FD51
:108A5000FFE74020C1F6201003900620049000207C
:108A6000059040F2FF7106910421079108908DF85E
:108A7000250040F27800C2F2004003A9F8F798F808
:108A800018B1FFE7F7F7C8FDFFE70AB080BD0000A7
:108A900080B58AB001A82421F7F768FC40F2DC0019
:108AA000C2F2004047F20041C4F200010160F9F750
:108AB0000BF918B1FFE7F7F7AFFDFFE700220192CE
:108AC0000292039202200490059240F2DC00C2F26E
:108AD000004001A9F8F798FF18B1FFE7F7F79CFDF0
:108AE000FFE740F2DC00C2F2004001A91022F8F7D3
:108AF0008BFF18B1FFE7F7F78FFDFFE70AB080BDE6
:108B000080B582B040F2F000C2F2004000904AF21C
:108B10000001C4F200010160002201928260C26083
:108B20000274427482741021416101218161C1612A
:108B3000016241628162C162016342638263C26316
:108B40000264042141648264C164026541658265F6
:108B5000C265026642668166F9F742F918B1FFE71D
:108B6000F7F75AFDFFE702B080BD000000000000EB
:108B700080B582B040F29010C2F2004000904AF2FC
:108B80000041C4F200010160002201928260C260D3
:108B90000274427482741021416101218161C161BA
:108BA000016241628162C162016342638263C263A6
:108BB0000264042141648264C16402654165826586
:108BC000C265026642668166F9F70AF918B1FFE7E5
:108BD000F7F722FDFFE702B080BD000000000000B3
:108BE00080B59EB000201D901C901B901A9019908B
:108BF000FFE744F2E040C5F60200016841F01001D1
:108C00000160006800F0100018901898FFE7FFE777
:108C100044F2E040C5F60200016841F02001016025
:108C2000006800F0200017901798FFE7FFE744F274
:108C3000E040C5F60200016841F080010160006873
:108C400000F0800016901698FFE7FFE744F2E0403E
:108C5000C5F60200016841F004010160006800F0FF
:108C6000040015901598FFE7FFE744F2E040C5F6D1
:108C70000200016841F001010160006800F001009C
:108C800014901498FFE7FFE744F2E040C5F60200B5
:108C9000016841F002010160006800F002001390D9
:108CA0001398FFE7FFE744F2E040C5F602000168D1
:108CB00041F008010160006800F00800129012986D
:108CC000FFE7FFE744F2E040C5F60200016841F427
:108CD00080710160006800F4807011901198FFE7C6
:108CE000FFE744F2E040C5F60200016841F04001B0
:108CF0000160006800F0400010901098FFE741F21A
:108D00000000C5F60200029046F20801019100221F
:108D10000F92F9F7F1FC0F9A40F60000C5F6020039
:108D200004900C210391F9F7E7FC0F9A41F60040FB
:108D3000C5F60200069008210591F9F7DDFC0F9AAF
:108D400040F60040C5F60200089028210791F9F787
:108D5000D3FC0F9A41F60000C5F602000A904FF4CA
:108D600004410991F9F7C8FC0F9A40F20040C5F69A
:108D700002000D904FF442710B91F9F7BDFC019A7E
:108D800002980F99199201220C921A921B911C9130
:108D900019A90E91F9F7CCFADDF80CC004980C9BD8
:108DA0000E990F9ACDF864C01A931B921C92F9F792
:108DB000BFFADDF814C006980C9B0E990F9ACDF8F7
:108DC00064C01A931B921C92F9F7B2FADDF81CC02A
:108DD00008980C9B0E990F9ACDF864C01A931B92B9
:108DE0001C92F9F7A5FA08980E990F9A1023199377
:108DF0004FF488131A931B92F9F79AFADDF824C0FE
:108E00000A980C9B0E990F9ACDF864C01A931B9286
:108E10001C92F9F78DFADDF82CC00C9B0D980E9979
:108E20000F9ACDF864C01A931B921C92F9F780FA3E
:108E30000F994FF08060FEF703FA0F994FF0006032
:108E4000FEF7FEF91EB080BD80B582B040F2302042
:108E5000C2F20040019045F20041C4F200010160FD
:108E600047F2B151C3F270014160002181600122DB
:108E7000C260016141618161C1610162F9F704FD74
:108E800018B1FFE7F7F7C8FBFFE740F23020C2F266
:108E900000400021F9F758FC18B1FFE7F7F7BCFBD9
:108EA000FFE740F23020C2F200400021F9F798FCC1
:108EB00018B1FFE7F7F7B0FBFFE702B080BD000095
:108EC00080B582B040F28420C2F20040019045F6A5
:108ED0000001C4F20001016047F2B151C3F2700118
:108EE0004160002181600122C260016141618161B4
:108EF000C1610162F9F7C8FC18B1FFE7F7F78CFB15
:108F0000FFE740F28420C2F200400021F9F71CFC88
:108F100018B1FFE7F7F780FBFFE740F28420C2F2C9
:108F200000400021F9F75CFC18B1FFE7F7F774FB8C
:108F3000FFE702B080BD000080B582B040F2D820CB
:108F4000C2F20040019045F60041C4F20001016008
:108F500047F2B151C3F270014160002181600122EA
:108F6000C260016141618161C1610162F9F78CFCFC
:108F700018B1FFE7F7F750FBFFE740F2D820C2F245
:108F800000400021F9F7E0FB18B1FFE7F7F744FBD9
:108F9000FFE740F2D820C2F200400021F9F720FCA0
:108FA00018B1FFE7F7F738FBFFE702B080BD00001C
:108FB00080B582B040F22C30C2F20040019041F600
:108FC0000041C5F60001016047F2B151C3F27001E2
:108FD0004160002181600122C260016141618161C3
:108FE000C1610162F9F750FC18B1FFE7F7F714FB14
:108FF000FFE740F22C30C2F200400021F9F7A4FB59
:1090000018B1FFE7F7F708FBFFE740F22C30C2F298
:1090100000400021F9F7E4FB18B1FFE7F7F7FCFA8D
:10902000FFE702B080BD000080B582B040F2803022
:10903000C2F20040009040F60041C5F60001016018
:1090400043F22431C0F203014160002101918160AB
:10905000C16001610C2242618161016241628162F1
:109060004166FEF7A1FF18B1FFE7F7F7D5FAFFE772
:1090700040F28030C2F200400021FEF74DFF18B1EF
:10908000FFE7F7F7C9FAFFE740F28030C2F200408D
:109090000021FEF7F9FE18B1FFE7F7F7BDFAFFE789
:1090A00040F28030C2F20040FEF7AEFE18B1FFE79A
:1090B000F7F7B2FAFFE702B080BD00000000000041
:1090C00080B582B040F6F800C2F20040009043F252
:1090D0000001C4F2010101604FF4800141600021F0
:1090E000019181600322C260016141614FF08062A1
:1090F00082614FF08052C261016241628162C1624D
:109100004FF0804242638163C163016441648164C2
:10911000C164016541658165FDF71EFD18B1FFE77A
:10912000F7F77AFAFFE702B080BD00000000000008
:1091300080B582B040F68010C2F20040009043F645
:109140000001C4F2000101604FF4800141604FF45E
:10915000C02181600321C160002101910161416151
:109160004FF080628261C161016241628162C162CD
:109170004FF0804242638163C16301644164816452
:10918000C164016541658165FDF7E6FC18B1FFE743
:10919000F7F742FAFFE702B080BD000000000000D0
:1091A00080B582B040F60820C2F20040009043F63D
:1091B0000041C4F2000101604FF4800141600021D0
:1091C000019181600322C260016141614FF08062C0
:1091D0008261C161016241628162C1624FF080427D
:1091E00042638163C163016441648164C164016558
:1091F00041658165FDF7B0FC18B1FFE7F7F70CFAA0
:10920000FFE702B080BD000080B582B040F690203C
:10921000C2F20040009043F20041C4F2010101603B
:109220004FF4800141600021019181600322C260FE
:10923000016141614FF080628261C16101624162FE
:109240008162C1624FF0804242638163C163016405
:1092500041648164C164016541658165FDF77CFC01
:1092600018B1FFE7F7F7D8F9FFE702B080BD0000BB
:1092700080B582B040F61830C2F20040009045F24E
:109280000001C4F2010101604FF48001416000213E
:10929000019181600322C260016141614FF08062EF
:1092A0008261C161016241628162C1624FF08042AC
:1092B00042638163C163016441648164C164016587
:1092C00041658165FDF748FC18B1FFE7F7F7A4F9A0
:1092D000FFE702B080BD000080B582B040F6A0304C
:1092E000C2F20040009041F20041C5F60001016069
:1092F0004FF4800141600021019181600322C2602E
:10930000016141614FF080628261C161016241622D
:109310008162C1624FF0804242638163C163016434
:1093200041648164C164016541658165FDF714FC98
:1093300018B1FFE7F7F770F9FFE702B080BD000052
:1093400080B59CB0002001901B901A901990189045
:1093500017901690159014901390129011901090F1
:109360000F900E9003A82C21F7F700F8019940F612
:109370002840C2F2004002900022C4F201020260C2
:10938000416081604FF6FF72C2600161416181619D
:10939000FEF7A6F818B1FFE7F7F73EF9FFE74FF43D
:1093A0008050189040F62840C2F2004018A9FEF7FD
:1093B00053F918B1FFE7F7F72FF9FFE740F6284018
:1093C000C2F20040FEF7C8FC18B1FFE7F7F724F936
:1093D000FFE7002015901690179040F62840C2F243
:1093E000004015A9FDF7D0FF18B1FFE7F7F714F912
:1093F000FFE760200E9000220F92109211921292BD
:109400001392149240F62840C2F200400EA9FEF7D3
:10941000CBFB18B1FFE7F7F7FFF8FFE740F628406E
:10942000C2F200400EA90422FEF7BEFB18B1FFE70E
:10943000F7F7F2F8FFE70020009003900490059002
:10944000069007904FF40051089109900A904FF050
:1094500000710B910C900D9040F62840C2F2004034
:1094600003A9FDF705FF18B1FFE7F7F7D5F8FFE708
:1094700040F62840C2F20040FEF70EFB1CB080BD53
:1094800080B588B000210091079106910591049163
:1094900003910291019140F67440C2F200404FF0F6
:1094A00080420260416081604FF0FF32C260016122
:1094B0008161FEF715F818B1FFE7F7F7ADF8FFE7A0
:1094C0004FF48050049040F67440C2F2004004A96A
:1094D000FEF7C2F818B1FFE7F7F79EF8FFE70020A4
:1094E0000190039040F67440C2F2004001A9FDF7DC
:1094F0004BFF18B1FFE7F7F78FF8FFE708B080BD23
:1095000080B58EB005A800902421F6F72FFF0099B2
:109510000022019204920392029240F6C040C2F2ED
:10952000004040F20043C4F20003036042608260E6
:109530004FF6FF73C36002618261012305930692B7
:109540000793089209920A920B930C920D92FEF7E0
:109550006BF918B1FFE7F7F75FF8FFE7002002901B
:10956000049040F6C040C2F2004002A9FDF70CFF93
:1095700018B1FFE7F7F750F8FFE70EB080BD000025
:1095800080B590B0002101910F910E910D910C9139
:109590000B910A9109910891079106910591049107
:1095A0000391029140F60C50C2F2004040F60002D6
:1095B000C4F200020260416081604FF6FF72C26037
:1095C00001618161FDF78CFF18B1FFE7F7F724F81F
:1095D000FFE74FF480500C9040F60C50C2F2004070
:1095E0000CA9FEF739F818B1FFE7F7F715F8FFE710
:1095F00040F60C50C2F20040FEF7AEFB18B1FFE798
:10960000F7F70AF8FFE7002009900B9040F60C509E
:10961000C2F2004009A9FDF7B7FE18B1FFE7F6F75F
:10962000FBFFFFE760200290002203920492069263
:1096300040F60C50C2F2004002A9FEF7B5FA18B18C
:10964000FFE7F6F7E9FFFFE740F60C50C2F20040F3
:1096500002A90422FEF7A8FA18B1FFE7F6F7DCFF2B
:10966000FFE740F60C50C2F2004002A90822FEF7C4
:109670009BFA18B1FFE7F6F7CFFFFFE740F60C5073
:10968000C2F2004002A90C22FEF78EFA18B1FFE7E1
:10969000F6F7C2FFFFE740F60C50C2F20040FEF7BB
:1096A000FBF910B080BD000080B58EB005A8009019
:1096B0002421F6F75BFE00990022019204920392A6
:1096C000029240F65850C2F2004040F60043C4F205
:1096D00000030360426082604FF0FF33C3600261A9
:1096E00082610123059306920793089209920A92D8
:1096F0000B930C920D92FEF797F818B1FFE7F6F76F
:109700008BFFFFE700200290049040F65850C2F211
:10971000004002A9FDF738FE18B1FFE7F6F77CFF1D
:10972000FFE70EB080BD000080B59CB00020019026
:109730001B901A90199018901790169015901490ED
:1097400013901290119010900F900E9003A82C215E
:10975000F6F70CFE019940F6A450C2F200400290C8
:1097600040F20042C4F201020260416081604FF6A3
:10977000FF72C260016141618161FDF7B1FE18B104
:10978000FFE7F6F749FFFFE74FF48050189040F6E7
:10979000A450C2F2004018A9FDF75EFF18B1FFE720
:1097A000F6F73AFFFFE740F6A450C2F20040FEF79A
:1097B000D3FA18B1FFE7F6F72FFFFFE70020159067
:1097C0001690179040F6A450C2F2004015A9FDF77C
:1097D000DBFD18B1FFE7F6F71FFFFFE760200E90F3
:1097E00000220F921092119212921392149240F64C
:1097F000A450C2F200400EA9FEF7D6F918B1FFE757
:10980000F6F70AFFFFE740F6A450C2F200400EA9A7
:109810000422FEF7C9F918B1FFE7F6F7FDFEFFE7EE
:1098200040F6A450C2F200400EA90822FEF7BCF98F
:1098300018B1FFE7F6F7F0FEFFE700200090039075
:1098400004900590069007904FF4005108910990FC
:109850000A904FF000710B910C900D9040F6A450BF
:10986000C2F2004003A9FDF703FD18B1FFE7F6F7C8
:10987000D3FEFFE740F6A450C2F20040FEF70CF919
:109880001CB080BD0000000080B582B040F6AC7016
:10989000C2F20040009044F60041C4F200010160B1
:1098A0004FF4E1314160002101918160C1600161AB
:1098B0000C2242618161C161016241628162FEF7F5
:1098C00073FB18B1FFE7F6F7A7FEFFE740F6AC70B1
:1098D000C2F200400021FEF71FFB18B1FFE7F6F7C8
:1098E0009BFEFFE740F6AC70C2F200400021FEF79D
:1098F000CBFA18B1FFE7F6F78FFEFFE740F6AC7042
:10990000C2F20040FEF780FA18B1FFE7F6F784FED6
:10991000FFE702B080BD000080B582B041F2400098
:10992000C2F20040009045F20001C4F20001016063
:109930004FF4E1314160002101918160C16001611A
:109940000C2242618161C161016241628162FEF764
:109950002BFB18B1FFE7F6F75FFEFFE741F240008F
:10996000C2F200400021FEF7D7FA18B1FFE7F6F780
:1099700053FEFFE741F24000C2F200400021FEF733
:1099800083FA18B1FFE7F6F747FEFFE741F2400020
:10999000C2F20040FEF738FA18B1FFE7F6F73CFED6
:1099A000FFE702B080BD000080B582B041F26810D0
:1099B000C2F20040009047F60001C4F200010160CD
:1099C0004FF4E1314160002101918160C16001618A
:1099D0000C2242618161C161016241628162FEF7D4
:1099E000E3FA18B1FFE7F6F717FEFFE741F2681058
:1099F000C2F200400021FEF78FFA18B1FFE7F6F738
:109A00000BFEFFE741F26810C2F200400021FEF7B2
:109A10003BFA18B1FFE7F6F7FFFDFFE741F26810E8
:109A2000C2F20040FEF7F0F918B1FFE7F6F7F4FDD7
:109A3000FFE702B080BD000080B582B041F2FC10AB
:109A4000C2F20040009047F60041C4F200010160FC
:109A50004FF4E1314160002101918160C1600161F9
:109A60000C2242618161C161016241628162FEF743
:109A70009BFA18B1FFE7F6F7CFFDFFE741F2FC10C4
:109A8000C2F200400021FEF747FA18B1FFE7F6F7EF
:109A9000C3FDFFE741F2FC10C2F200400021FEF7D7
:109AA000F3F918B1FFE7F6F7B7FDFFE741F2FC1055
:109AB000C2F20040FEF7A8F918B1FFE7F6F7ACFDD7
:109AC000FFE702B080BD000080B582B040F6F050E4
:109AD000C2F20040009041F20001C4F201010160B5
:109AE0004FF4E1314160002101918160C160016169
:109AF0000C2242618161C161016241628162FEF7B3
:109B000053FA18B1FFE7F6F787FDFFE740F6F0508C
:109B1000C2F200400021FEF7FFF918B1FFE7F6F7A7
:109B20007BFDFFE740F6F050C2F200400021FEF757
:109B3000ABF918B1FFE7F6F76FFDFFE740F6F0501D
:109B4000C2F20040FEF760F918B1FFE7F6F764FDD6
:109B5000FFE702B080BD000080B582B040F68460AF
:109B6000C2F20040009044F20041C4F200010160E2
:109B70004FF4E1314160002101918160C1600161D8
:109B80000C2242618161C161016241628162FEF722
:109B90000BFA18B1FFE7F6F73FFDFFE740F68460E8
:109BA000C2F200400021FEF7B7F918B1FFE7F6F75F
:109BB00033FDFFE740F68460C2F200400021FEF76B
:109BC00063F918B1FFE7F6F727FDFFE740F6846079
:109BD000C2F20040FEF718F918B1FFE7F6F71CFDD6
:109BE000FFE702B080BD000080B582B040F618707B
:109BF000C2F20040009044F60001C4F2000101608E
:109C00004FF4E1314160002101918160C160016147
:109C10000C2242618161C161016241628162FEF791
:109C2000C3F918B1FFE7F6F7F7FCFFE740F6187045
:109C3000C2F200400021FEF76FF918B1FFE7F6F716
:109C4000EBFCFFE740F61870C2F200400021FEF77F
:109C50001BF918B1FFE7F6F7DFFCFFE740F61870D5
:109C6000C2F20040FEF7D0F818B1FFE7F6F7D4FCD7
:109C7000FFE702B080BD000080B582B041F2D400A1
:109C8000C2F20040009041F20041C4F201010160C3
:109C90004FF4E1314160002101918160C1600161B7
:109CA0000C2242618161C161016241628162FEF701
:109CB0007BF918B1FFE7F6F7AFFCFFE741F2D400FC
:109CC000C2F200400021FEF727F918B1FFE7F6F7CE
:109CD000A3FCFFE741F2D400C2F200400021FEF7EE
:109CE000D3F818B1FFE7F6F797FCFFE741F2D4008D
:109CF000C2F20040FEF788F818B1FFE7F6F78CFCD7
:109D0000FFE702B080BD000080B582B040F2144091
:109D1000C2F2004001900021C4F208010160092153
:109D200001710222C2710021817142728172C1727D
:109D3000017341738173C173F9F7CEF818B1FFE76E
:109D4000F6F76AFCFFE702B080BD000000000000EB
:109D5000FFE7FEE700000000FFE7FEE7000000006D
:109D600088B0079006910592079800F007000490CC
:109D70000498C0F10700052803D3FFE704200190F1
:109D800004E00498C0F107000190FFE701980390F8
:109D900004980430062803D8FFE70020009003E071
:109DA000049803380090FFE7009802900698039902
:109DB000012202FA01F101390840029B98400599FD
:109DC0009A40013A1140084308B070470000000073
:109DD000704700000000000080B5B2B002A80190FA
:109DE000C0210091F6F7C2FA009A01980021039170
:109DF0004FF400230293022304934FF00D0CCDF88F
:109E000014C0069307930893099220220A920B919B
:109E10002B91FAF77DFC18B1FFE7F6F7FDFBFFE7A2
:109E200032B080BD0000000080B586B00490039180
:109E300000208DF8070044F22840C5F602000068B3
:109E400000F00300032804D1FFE701208DF817007C
:109E5000CBE044F20041C5F60201086820F08060C2
:109E60000860F8F769FC0290FFE744F20040C5F68D
:109E70000200006800F000610020B0EBD16F0CD050
:109E8000FFE7F8F759FC0299401A032804D3FFE7CB
:109E900003208DF81700A8E0E7E7FFE744F2284128
:109EA000C5F60201086820F47C30049A126840EA82
:109EB0000230086004994868D1F808C0CB680A6984
:109EC00001386FF35F204FF60061CFF6FF7101EBB1
:109ED0004C2189B208440021CFF6FF7101EB034108
:109EE00001F4FE0108444FF07F4101EB026101F0F3
:109EF000FE41084444F23841C5F602010860FFE71C
:109F000044F22C41C5F602010091086820F0C0001F
:109F1000049A526910430860086820F02000049AEF
:109F2000926910430860086820F01000086044F24D
:109F30003C42C5F6020210684FF6F8739843049B42
:109F4000DB6940EAC3001060086840F01000086058
:109F5000039848B9FFE744F22C41C5F602010868AE
:109F600040F40020086016E00398012809D1FFE7BB
:109F700044F22C41C5F60201086840F480100860E4
:109F800008E044F22C41C5F60201086840F40010D4
:109F90000860FFE7FFE744F20041C5F602010868E8
:109FA00040F080600860F8F7C7FB0290FFE744F2DA
:109FB0000040C5F60200006800F000610020B0EB30
:109FC000D16F0CD1FFE7F8F7B7FB0299401A0328CD
:109FD00004D3FFE703208DF8170006E0E7E7FFE76B
:109FE0009DF807008DF81700FFE79DF8170006B0F1
:109FF00080BD00000000000080B586B00490039191
:10A0000000208DF8070044F22840C5F602000068E1
:10A0100000F00300032804D1FFE701208DF81700AA
:10A02000CBE044F20041C5F60201086820F0805000
:10A030000860F8F781FB0290FFE744F20040C5F6A4
:10A040000200006800F000510020B0EB517F0CD0FE
:10A05000FFE7F8F771FB0299401A032804D3FFE7E2
:10A0600003208DF81700A8E0E7E7FFE744F2284156
:10A07000C5F60201086820F07C70049A126840EA74
:10A080000250086004994868D1F808C0CB680A6992
:10A0900001386FF35F204FF60061CFF6FF7101EBDF
:10A0A0004C2189B208440021CFF6FF7101EB034136
:10A0B00001F4FE0108444FF07F4101EB026101F021
:10A0C000FE41084444F24041C5F602010860FFE742
:10A0D00044F22C41C5F602010091086820F440606A
:10A0E000049A526910430860086820F40070049ACA
:10A0F000926910430860086820F48070086044F298
:10A100004442C5F6020210684FF6F8739843049B68
:10A11000DB6940EAC3001060086840F480700860A2
:10A12000039848B9FFE744F22C41C5F602010868DC
:10A1300040F48000086016E00398012809D1FFE789
:10A1400044F22C41C5F60201086840F400000860A2
:10A1500008E044F22C41C5F60201086840F0807026
:10A160000860FFE7FFE744F20041C5F60201086816
:10A1700040F080500860F8F7DFFA0290FFE744F201
:10A180000040C5F60200006800F000510020B0EB6E
:10A19000517F0CD1FFE7F8F7CFFA0299401A032854
:10A1A00004D3FFE703208DF8170006E0E7E7FFE799
:10A1B0009DF807008DF81700FFE79DF8170006B01F
:10A1C00080BD00000000000083B002900298C16BC7
:10A1D000012000EB511001900298C06801300090FE
:10A1E00000980730C008009000980199484303B0D8
:10A1F00070470000000000007047000000000000F1
:10A2000080B582B0009000980138B0F1807F03D310
:10A21000FFE70120019019E0009801384EF2140187
:10A22000CEF2000108604FF0FF300F2102F038F845
:10A230004EF21801CEF20001002008604EF210022A
:10A24000CEF20002072111600190FFE7019802B0F1
:10A2500080BD00000000000080B5F8F7EDFC80BD77
:10A2600080B59EB00BA84C21F6F780F80020019035
:10A270000A9009900890079006900590049003902A
:10A280000220F8F7A1FFFFE70020029044F6180033
:10A29000C5F60200016841F440410160006800F425
:10A2A0004040029040F22C40C5F60000016841F0A9
:10A2B00001010160006800F0010002900298FFE7D0
:10A2C000FFE744F61800C5F60200006800F40050ED
:10A2D000B0F5005F01D0FFE7F3E701200B904FF4EA
:10A2E00080300C90022014901590169050211791F8
:10A2F00018900F2019900C201A901B9000201C9091
:10A300001D900BA8FBF77CFE18B1FFE7F6F784F968
:10A31000FFE73F20039003200490002005900820D1
:10A3200006904020079008904FF4806109910A90B0
:10A3300003A80421FBF73CFA18B1FFE7F6F76CF924
:10A34000FFE71EB080BD000081B04EF68851CEF20E
:10A350000001086840F47000086042F20000C5F295
:10A360000020006800F00F0006280AD8FFE742F23C
:10A370000001C5F200210868072262F303000860AB
:10A38000FFE744F20041C5F60201086840F0010011
:10A39000086044F21042C5F602020020106008680E
:10A3A0004EF67F52CEF6F6221040086042F20000D0
:10A3B000C5F20020006800F00F0008280AD3FFE76C
:10A3C00042F20001C5F200210868072262F303008F
:10A3D0000860FFE744F21841C5F602010020009032
:10A3E000086044F21C41C5F60201086044F22041B5
:10A3F000C5F60201086044F22842C5F6020240F2A6
:10A400000021C0F20221116044F22C42C5F6020282
:10A410000021C0F2FF11116044F23042C5F6020281
:10A4200040F28021C0F20111116044F23442C5F6BD
:10A430000202106044F23842C5F60202116044F292
:10A440003C42C5F60202106044F24042C5F60202E8
:10A45000116044F24441C5F60201086044F2004232
:10A46000C5F60202116821F48021116044F26041B6
:10A47000C5F60201086041F20001C5F60041096815
:10A48000B0EB517F07D1FFE748F20811C5F2001188
:10A4900001200860FFE744F2D440C5F602000068DE
:10A4A000C004002814D4FFE744F2D441C5F60201E9
:10A4B000086840F48050086044F20002C5F20022AF
:10A4C00043F2D2001060086820F480500860FFE773
:10A4D00001B070470000000083B002900191029823
:10A4E0000068009002980021C4F20101884225D042
:10A4F000FFE70298B0F1804F20D0FFE7029840F2CA
:10A500000041C4F20001884218D0FFE7029840F6EB
:10A510000001C4F20001884210D0FFE7029840F623
:10A520000041C4F20001884208D0FFE7029840F2DF
:10A530000041C4F2010188420AD1FFE7009820F0EF
:10A540007000009001984168009808430090FFE770
:10A5500002980021C4F2010188423DD0FFE7029831
:10A56000B0F1804F38D0FFE7029840F20041C4F2CA
:10A570000001884230D0FFE7029840F60001C4F2A3
:10A580000001884228D0FFE7029840F60041C4F25B
:10A590000001884220D0FFE7029840F20041C4F257
:10A5A0000101884218D0FFE7029844F20001C4F28A
:10A5B0000101884210D0FFE7029844F20041C4F242
:10A5C0000101884208D0FFE7029844F60001C4F276
:10A5D000010188420AD1FFE7009820F44070009002
:10A5E0000198C168009808430090FFE7009820F0A8
:10A5F0008000019949690843009001988068029998
:10A60000C862019800680299886202980021C4F229
:10A610000101884220D0FFE7029840F20041C4F2D5
:10A620000101884218D0FFE7029844F20001C4F209
:10A630000101884210D0FFE7029844F20041C4F2C1
:10A640000101884208D0FFE7029844F60001C4F2F5
:10A650000101884205D1FFE701980069029908636A
:10A66000FFE70299086840F00400086002990120A1
:10A67000486100980299086003B07047000000002C
:10A6800085B0049003910292019304988068009031
:10A69000009820F47F40009003980299019A41EAC3
:10A6A00002210143009808430090009804998860B3
:10A6B00005B070470000000083B00290019102983D
:10A6C0008068009000984FF68F71CFF6CF710840E8
:10A6D000009001980099084340F00700009000980E
:10A6E0000299886003B0704785B004900391049884
:10A6F000006A01900499086A20F001000862049839
:10A700004068009004988069029002984FF68F711B
:10A71000CFF6FE7108400290029820F003000290EC
:10A7200003980168029808430290019820F0020003
:10A7300001900398816801980843019004980021D2
:10A74000C4F20101884220D0FFE7049840F20041A2
:10A75000C4F20101884218D0FFE7049844F20001D6
:10A76000C4F20101884210D0FFE7049844F200418E
:10A77000C4F20101884208D0FFE7049844F60001C2
:10A78000C4F2010188420ED1FFE7019820F00800D1
:10A7900001900398C168019808430190019820F046
:10A7A00004000190FFE704980021C4F201018842EF
:10A7B00020D0FFE7049840F20041C4F20101884232
:10A7C00018D0FFE7049844F20001C4F20101884266
:10A7D00010D0FFE7049844F20041C4F2010188421E
:10A7E00008D0FFE7049844F60001C4F20101884252
:10A7F00013D1FFE7009820F480700090009820F4B7
:10A8000000700090039841690098084300900398F5
:10A810008169009808430090FFE700980499486018
:10A8200002980499886103984068049948630198E4
:10A830000499086205B0704785B0049003910498AC
:10A84000006A01900499086A20F0100008620498D8
:10A8500040680090049880690290029848F6FF7161
:10A86000CFF6FF6108400290029820F440700290F9
:10A8700003980168029840EA01200290019820F0B4
:10A880002000019003988168019840EA011001902E
:10A8900004980021C4F20101884229D0FFE70498FE
:10A8A00040F20041C4F20101884221D0FFE7049840
:10A8B00044F20001C4F20101884203D1FFE7002005
:10A8C000B0B9FFE7049844F20041C4F201018842A4
:10A8D00003D1FFE7002058B9FFE7049844F60001D0
:10A8E000C4F20101884212D1FFE7012078B9FFE7E5
:10A8F000019820F0800001900398C168019840EA17
:10A9000001100190019820F040000190FFE70498A9
:10A910000021C4F20101884220D0FFE7049840F2F0
:10A920000041C4F20101884218D0FFE7049844F2C4
:10A930000001C4F20101884210D0FFE7049844F2FC
:10A940000041C4F20101884208D0FFE7049844F6B0
:10A950000001C4F20101884215D1FFE7009820F4FC
:10A9600080600090009820F4006000900398416996
:10A97000009840EA8100009003988169009840EABD
:10A9800081000090FFE700980499486002980499BC
:10A990008861039840680499886301980499086263
:10A9A00005B070470000000085B004900391049842
:10A9B000006A01900499086A20F480700862049883
:10A9C000406800900498C069029002984FF68F7119
:10A9D000CFF6FE7108400290029820F0030002902A
:10A9E00003980168029808430290019820F40070CF
:10A9F000019003988168019840EA01200190049831
:10AA00000021C4F20101884229D0FFE7049840F2F6
:10AA10000041C4F20101884221D0FFE7049844F2CA
:10AA20000001C4F20101884203D1FFE70020B0B960
:10AA3000FFE7049844F20041C4F20101884203D1C7
:10AA4000FFE7002058B9FFE7049844F60001C4F27C
:10AA50000101884212D1FFE7012078B9FFE7019890
:10AA600020F4006001900398C168019840EA012039
:10AA70000190019820F480600190FFE70498002184
:10AA8000C4F20101884220D0FFE7049840F200415F
:10AA9000C4F20101884218D0FFE7049844F2000193
:10AAA000C4F20101884210D0FFE7049844F200414B
:10AAB000C4F20101884208D0FFE7049844F600017F
:10AAC000C4F20101884215D1FFE7009820F48050BC
:10AAD0000090009820F4005000900398416900987D
:10AAE00040EA0110009003988169009840EA011043
:10AAF0000090FFE700980499486002980499C861A3
:10AB0000039840680499C86301980499086205B0E5
:10AB1000704700000000000085B004900391049885
:10AB2000006A01900499086A20F480500862049831
:10AB3000406800900498C0690290029848F6FF713E
:10AB4000CFF6FF6108400290029820F44070029016
:10AB500003980168029840EA01200290019820F4CD
:10AB60000050019003988168019840EA01300190FB
:10AB700004980021C4F20101884220D0FFE7049824
:10AB800040F20041C4F20101884218D0FFE7049866
:10AB900044F20001C4F20101884210D0FFE704989A
:10ABA00044F20041C4F20101884208D0FFE7049852
:10ABB00044F60001C4F2010188420BD1FFE700987E
:10ABC00020F48040009003984169009840EA811089
:10ABD0000090FFE700980499486002980499C861C2
:10ABE000039840680499086401980499086205B0C4
:10ABF000704700000000000085B0049003910498A5
:10AC0000006A01900499086A20F480300862049870
:10AC1000406800900498406D029002984FF68F7142
:10AC2000CFF6FE710840029003980168029808432D
:10AC30000290019820F400300190039881680198F7
:10AC400040EA0140019004980021C4F201018842C9
:10AC500020D0FFE7049840F20041C4F2010188428D
:10AC600018D0FFE7049844F20001C4F201018842C1
:10AC700010D0FFE7049844F20041C4F20101884279
:10AC800008D0FFE7049844F60001C4F201018842AD
:10AC90000BD1FFE7009820F48030009003984169C1
:10ACA000009840EA01200090FFE70098049948606E
:10ACB000029804994865039840680499886501984A
:10ACC0000499086205B0704785B004900391049818
:10ACD000006A01900499086A20F4801008620498C0
:10ACE000406800900498406D0290029848F6FF7109
:10ACF000CFF6FF610840029003980168029840EA8D
:10AD000001200290019820F40010019003988168BE
:10AD1000019840EA0150019004980021C4F2010119
:10AD2000884220D0FFE7049840F20041C4F20101BC
:10AD3000884218D0FFE7049844F20001C4F20101F0
:10AD4000884210D0FFE7049844F20041C4F20101A8
:10AD5000884208D0FFE7049844F60001C4F20101DC
:10AD600088420BD1FFE7009820F4802000900398E0
:10AD70004169009840EA81200090FFE7009804991B
:10AD80004860029804994865039840680499C8652A
:10AD900001980499086205B07047000000000000A7
:10ADA00085B00490039102920498006A009004997F
:10ADB000086A20F0010008620498806901900198F7
:10ADC00020F0F00001900299019840EA01100190F2
:10ADD000009820F00A000090039900980843009022
:10ADE00001980499886100980499086205B0704739
:10ADF00085B00490039102920498006A009004992F
:10AE0000086A20F010000862049880690190019897
:10AE100020F4704001900299019840EA01300190BD
:10AE2000009820F0A00000900399009840EA0110DB
:10AE3000009001980499886100980499086205B00F
:10AE4000704700000000000082B001900198406E41
:10AE500040B9FFE701990120A1F86A000199A1F822
:10AE6000680032E010208DF803008DF80200019890
:10AE700000688068C0F342608DF8010001980068A6
:10AE80008068400F8DF800009DF802009DF80020BA
:10AE90004CF26843C0F60003995C48434CF26041B1
:10AEA000C0F600018A5CB0FBF2F0019AA2F86A00D9
:10AEB0009DF803009DF801209B5C5843895CB0FB22
:10AEC000F1F00199A1F86800FFE702B070470000B7
:10AED00081B00090009890F82800000700280BD55A
:10AEE000FFE700980068406820F40040009A11686D
:10AEF000926B10434860FFE7009890F82800C00765
:10AF000058B1FFE700980068406820F40030009ACC
:10AF10001168D26A10434860FFE7009890F8280053
:10AF2000800700280BD5FFE700980068406820F4F0
:10AF30008030009A1168126B10434860FFE7009858
:10AF400090F82800400700280BD5FFE7009800681C
:10AF5000406820F48020009A1168526B10434860CA
:10AF6000FFE7009890F82800C00600280BD5FFE7FF
:10AF700000980068806820F48050009A1168D26BB5
:10AF800010438860FFE7009890F8280080060028AA
:10AF90000BD5FFE700980068806820F40050009A05
:10AFA0001168126C10438860FFE7009890F8280041
:10AFB000400600281CD5FFE700980068406820F490
:10AFC0008010009A1168526C104348600098406CE1
:10AFD000B0F5801F0BD1FFE700980068406820F4AF
:10AFE000C000009A1168926C10434860FFE7FFE7C9
:10AFF000009890F82800000600280BD5FFE700987D
:10B000000068406820F40020009A1168D26C104358
:10B010004860FFE701B0704780B588B00690069998
:10B020000020C1F89000F7F787FB059006980068AC
:10B030000068000700282FD5FFE70698059B6A46A1
:10B040006FF07E4111604FF40011002200F06CFDA2
:10B0500008B3FFE7FFE7FFE70698006850E8000F36
:10B0600020F080000490FFE704990698026842E807
:10B0700000100028F0D1FFE7FFE706992020C1F873
:10B080008800FFE70699002081F88400FFE703208D
:10B090008DF81F005FE0FFE7069800680068400732
:10B0A000002842D5FFE70698059B6A466FF07E416F
:10B0B00011604FF48001002200F036FDA0B3FFE7DD
:10B0C000FFE7FFE70698006850E8000F20F4907053
:10B0D0000390FFE703990698026842E800100028F1
:10B0E000F0D1FFE7FFE7FFE7FFE70698006850E8C9
:10B0F000020F20F001000290FFE702990698026813
:10B1000042E802100028F0D1FFE7FFE7069920206F
:10B11000C1F88C00FFE70699002081F88400FFE762
:10B1200003208DF81F0016E0FFE706992020C1F8E4
:10B1300088000699C1F88C0006990020C866069917
:10B140000867FFE70699002081F88400FFE70020E8
:10B150008DF81F00FFE79DF81F0008B080BD0000BC
:10B1600084B00390FFE7FFE70398006850E8000F02
:10B1700020F490700290FFE702990398026842E879
:10B1800000100028F0D1FFE7FFE7FFE7FFE7039893
:10B19000006850E8020F4FF6FE71CEF6FF710840CE
:10B1A0000190FFE701990398026842E80210002825
:10B1B000EDD1FFE7FFE70398C06E012814D1FFE748
:10B1C000FFE7FFE70398006850E8000F20F0100049
:10B1D0000090FFE700990398026842E800100028F9
:10B1E000F0D1FFE7FFE7FFE703992020C1F88C00CB
:10B1F00003990020C8660399486704B070470000AF
:10B2000080B59CB01B9000208DF85F001B980068F3
:10B2100040F60041C5F60001884201D1FFE700E099
:10B22000FFE71B9988680B694A69C969184310438D
:10B2300008431A901B980068006846F6F311CCF694
:10B24000FF7108401A9908431B99096808601B9808
:10B250000068406820F440501B9A1168D26810437F
:10B2600048601B9880691A901B98006840F600415E
:10B27000C5F60001884206D0FFE71B98016A1A98BC
:10B2800008431A90FFE71B98006880684FF2FF415F
:10B29000C1F2FF1108401A9908431B990968886098
:10B2A0001B980068C06A20F00F001B9A1168526A50
:10B2B0001043C862FFE71B98006841F20001C4F226
:10B2C0000101884240F04180FFE744F25440C5F656
:10B2D0000200006800F0380001460E9128282FD89F
:10B2E0000E99DFE801F0152D2D2D2D2D2D2D192D69
:10B2F0002D2D2D2D2D2D1D2D2D2D2D2D2D2D212D9A
:10B300002D2D2D2D2D2D252D2D2D2D2D2D2D2900A6
:10B3100001208DF8650017E004208DF8650013E02A
:10B3200008208DF865000FE010208DF865000BE017
:10B3300020208DF8650007E040208DF8650003E0CF
:10B3400080208DF86500FFE7D6E11B98006844F285
:10B350000041C4F2000188422ED1FFE744F254407C
:10B36000C5F60200006800F0070001460D910528AF
:10B370001DD80D99DFE801F003070B0F131700200C
:10B380008DF8650017E004208DF8650013E00820B3
:10B390008DF865000FE010208DF865000BE020208F
:10B3A0008DF8650007E040208DF8650003E08020FF
:10B3B0008DF86500FFE79EE11B98006844F60001E8
:10B3C000C4F2000188422ED1FFE744F25440C5F692
:10B3D0000200006800F0070001460C9105281DD806
:10B3E0000C99DFE801F003070B0F131700208DF80D
:10B3F000650017E004208DF8650013E008208DF843
:10B4000065000FE010208DF865000BE020208DF81E
:10B41000650007E040208DF8650003E080208DF88E
:10B420006500FFE766E11B98006844F60041C4F23E
:10B43000000188422ED1FFE744F25440C5F60200D5
:10B44000006800F0070001460B9105281DD80B99F4
:10B45000DFE801F003070B0F131700208DF86500DC
:10B4600017E004208DF8650013E008208DF86500D2
:10B470000FE010208DF865000BE020208DF86500AE
:10B4800007E040208DF8650003E080208DF865001E
:10B49000FFE72EE11B98006845F20001C4F20001AD
:10B4A00088422ED1FFE744F25440C5F602000068FE
:10B4B00000F0070001460A9105281DD80A99DFE827
:10B4C00001F003070B0F131700208DF8650017E03C
:10B4D00004208DF8650013E008208DF865000FE06A
:10B4E00010208DF865000BE020208DF8650007E046
:10B4F00040208DF8650003E080208DF86500FFE7AF
:10B50000F6E01B98006841F20041C4F20101884254
:10B5100040F04180FFE744F25440C5F60200006865
:10B5200000F038000146099128282FD80999DFE852
:10B5300001F0152D2D2D2D2D2D2D192D2D2D2D2DD0
:10B540002D2D1D2D2D2D2D2D2D2D212D2D2D2D2D47
:10B550002D2D252D2D2D2D2D2D2D290001208DF862
:10B56000650017E004208DF8650013E008208DF8D1
:10B5700065000FE010208DF865000BE020208DF8AD
:10B58000650007E040208DF8650003E080208DF81D
:10B590006500FFE7ABE01B98006847F60001C4F2C6
:10B5A000000188422ED1FFE744F25440C5F6020064
:10B5B000006800F007000146089105281DD8089989
:10B5C000DFE801F003070B0F131700208DF865006B
:10B5D00017E004208DF8650013E008208DF8650061
:10B5E0000FE010208DF865000BE020208DF865003D
:10B5F00007E040208DF8650003E080208DF86500AD
:10B60000FFE773E01B98006847F60041C4F20001B1
:10B6100088422ED1FFE744F25440C5F6020000688C
:10B6200000F007000146079105281DD80799DFE8BB
:10B6300001F003070B0F131700208DF8650017E0CA
:10B6400004208DF8650013E008208DF865000FE0F8
:10B6500010208DF865000BE020208DF8650007E0D4
:10B6600040208DF8650003E080208DF86500FFE73D
:10B670003BE01B98006840F60041C5F60001884297
:10B680002ED1FFE744F25840C5F60200006800F0F2
:10B6900007000146069105281DD80699DFE801F04C
:10B6A00003070B0F131702208DF8650017E0042025
:10B6B0008DF8650013E008208DF865000FE010207C
:10B6C0008DF865000BE020208DF8650007E0402034
:10B6D0008DF8650003E080208DF86500FFE703E04A
:10B6E00080208DF86500FFE7FFE7FFE7FFE7FFE752
:10B6F000FFE7FFE7FFE7FFE7FFE71B98006840F67B
:10B700000041C5F60001884240F0B480FFE79DF893
:10B71000650001460591022814D0FFE7059804282A
:10B7200014D0FFE70598082816D0FFE705981028E1
:10B7300018D0FFE70598202835D0FFE70598402866
:10B7400037D03AE0F7F7A0FD0F903CE013A8F7F7E9
:10B7500007FF14980F9036E010A8F8F759F81198E1
:10B760000F9030E044F20040C5F60200006800F09F
:10B7700020010020B0EB511F0ED0FFE744F2004043
:10B78000C5F602000068C0F3C10149F20000C0F232
:10B79000D030C8400F9005E049F20000C0F2D03030
:10B7A0000F90FFE70FE040F60010C0F23D000F9051
:10B7B00009E04FF400400F9005E000200F900120B9
:10B7C0008DF85F00FFE70F98002852D0FFE70F9831
:10B7D0001B994A6A4CF27041C0F6000131F8121010
:10B7E000B0FBF1F0169016981B99496801EB4101E6
:10B7F000884207D3FFE716981B994968B0EB013FD1
:10B8000004D9FFE701208DF85F0031E00F981B9904
:10B810004A6803924A6A4CF27041C0F6000131F85E
:10B820001220002304931946F4F756FD039A049B53
:10B83000090241EA1061000210EB520041F10001DF
:10B84000F4F74AFD18901898B0F5407F0BD3FFE746
:10B8500018990020B0EB115F05D1FFE718981B99EC
:10B860000968C86003E001208DF85F00FFE7FFE78B
:10B87000FFE746E11B98C069B0F5004F40F0A88093
:10B88000FFE79DF8650001460291402800F26380C1
:10B890000299DFE801F021256060296060602F6077
:10B8A00060606060606035606060606060606060C3
:10B8B0006060606060605660606060606060606092
:10B8C0006060606060606060606060606060606078
:10B8D0006060606060605C00FAF7E2F90F9040E041
:10B8E000FAF7F2F90F903CE013A8F7F739FE149835
:10B8F0000F9036E010A8F7F78BFF11980F9030E00B
:10B9000044F20040C5F60200006800F0200100206B
:10B91000B0EB511F0ED0FFE744F20040C5F6020025
:10B920000068C0F3C10149F20000C0F2D030C84045
:10B930000F9005E049F20000C0F2D0300F90FFE711
:10B940000FE040F60010C0F23D000F9009E04FF408
:10B9500000400F9005E000200F9001208DF85F005F
:10B96000FFE70F9898B3FFE70F981B9A5168536A47
:10B970004CF27042C0F6000232F81320B0FBF2F035
:10B98000400000EB5100B0FBF1F01890189810281F
:10B9900018D3FFE7BDF86200A0B9FFE7189820F0C0
:10B9A0000F00ADF86600189800F00E01BDF86600B3
:10B9B00040EA5100ADF86600BDF866001B990968C1
:10B9C000C86003E001208DF85F00FFE7FFE797E024
:10B9D0009DF8650001460191402800F263800199BD
:10B9E000DFE801F021256060296060602F60606001
:10B9F0006060606035606060606060606060606072
:10BA00006060606056606060606060606060606040
:10BA10006060606060606060606060606060606026
:10BA2000606060605C00FAF73BF90F9040E0FAF765
:10BA30004BF90F903CE013A8F7F792FD14980F9084
:10BA400036E010A8F7F7E4FE11980F9030E044F2CA
:10BA50000040C5F60200006800F020010020B0EBB5
:10BA6000511F0ED0FFE744F20040C5F60200006807
:10BA7000C0F3C10149F20000C0F2D030C8400F90BD
:10BA800005E049F20000C0F2D0300F90FFE70FE070
:10BA900040F60010C0F23D000F9009E04FF4004066
:10BAA0000F9005E000200F9001208DF85F00FFE768
:10BAB0000F9820B3FFE70F981B9A5168536A4CF216
:10BAC0007042C0F6000232F81320B0FBF2F000EB37
:10BAD0005100B0FBF1F01890189810280AD3FFE736
:10BAE000BDF8620030B9FFE7BDF860001B99096836
:10BAF000C86003E001208DF85F00FFE7FFE7FFE784
:10BB0000FFE71B990120A1F86A001B99A1F86800C2
:10BB10001B99002048671B9988679DF85F001CB03F
:10BB200080BD00000000000080B586B0DDF820C0B8
:10BB3000049003918DF80B200193FFE704980068AF
:10BB4000C06903990840401AB0FA80F040099DF896
:10BB50000B10884266D1FFE708980130002860D0BA
:10BB6000FFE7F6F7E9FD0199401A0899884203D8E2
:10BB7000FFE7089820B9FFE703208DF8170055E08C
:10BB80000498006800684007002849D5FFE703983B
:10BB9000802845D0FFE70398402841D0FFE704986C
:10BBA0000068C06900F008010120B0EBD10F16D188
:10BBB000FFE7049801680820009008620498FFF7E6
:10BBC000CFFA00980499C1F89000FFE7049900208B
:10BBD00081F88400FFE701208DF8170026E0049823
:10BBE0000068C06900F400610120B0EBD12F16D1CC
:10BBF000FFE7049801684FF4006008620498FFF7BB
:10BC0000AFFA04992020C1F89000FFE704990020C2
:10BC100081F88400FFE703208DF8170006E0FFE7B6
:10BC2000FFE78BE700208DF81700FFE79DF817006E
:10BC300006B080BD0000000080B58AB0DDF830C0DD
:10BC4000CDF814C00493039202919DF814108DF85E
:10BC500024100299039A049B08930792069101907D
:10BC60009DF81D00012823D1FFE70199886B20F47E
:10BC7000803088630199C8684FF6BF72CFF6BD72F5
:10BC80001040C8600199C86820F44010C8609DF851
:10BC90002400012806D1FFE70199C86840F480100C
:10BCA000C860FFE7019800F03FF88DF803001AE044
:10BCB0000199C86840F04000C860019800F034F86D
:10BCC0008DF803009DF8210030B9FFE70199886BDA
:10BCD00040F48030886305E00199886B20F480305F
:10BCE0008863FFE7FFE79DF81A00012816D1FFE7F8
:10BCF0000199C86D80B2C8650199C86D0022C0F273
:10BD0000EE321043C8650199886840F006008860EB
:10BD10000199886840F020008860FFE79DF80300E3
:10BD20000AB080BD0000000083B0019000200090A8
:10BD3000FFE70098013000900098B0F1706F04D9CF
:10BD4000FFE703208DF80B0026E0FFE7019800696C
:10BD5000C00F0028EDD0FFE700200090019908698E
:10BD600040F001000861FFE7009801300090009862
:10BD7000B0F1706F04D9FFE703208DF80B000BE0E2
:10BD8000FFE70198006900F001000128ECD0FFE70F
:10BD900000208DF80B00FFE79DF80B0003B0704703
:10BDA00082B00190019800900099D1F8000E20F027
:10BDB0000300C1F8000E0099D1F8040840F0020019
:10BDC000C1F80408002002B0704700000000000025
:10BDD00080B58CB0DDF838C0CDF81CC00693059254
:10BDE00004919DF81C108DF82C100499059A069B5F
:10BDF0000A9309920891039000208DF80B00039993
:10BE000001910090FFE700980E280CD8FFE70398F7
:10BE1000009900EB81010020C1F80401FFE70098C0
:10BE200001300090EFE79DF82A00B8B9FFE70199CB
:10BE3000D1F8040840F00200C1F804080399886BA7
:10BE400020F4001088630399086840F040000860FF
:10BE50000399086840F08000086005E00399886B4A
:10BE600040F400108863FFE701990020C1F8000E3C
:10BE70009DF8250001280FD1FFE79DF8230028B980
:10BE8000FFE70398002100F0EBF904E0039801219B
:10BE900000F0E6F9FFE704E00398032100F0E0F981
:10BEA000FFE70398102100F023F920B1FFE70120FC
:10BEB0008DF80B00FFE7039800F0DEF820B1FFE7F4
:10BEC00001208DF80B00FFE701990020C1F8100850
:10BED0000199C1F814080199C1F81C080090FFE706
:10BEE00000989DF8201088423BD2FFE70198009906
:10BEF00000EB4110D0F80009C00FB0B1FFE7009887
:10BF000048B9FFE70198009900EB41114FF000603C
:10BF1000C1F8000908E00198009900EB41114FF0C9
:10BF20009040C1F80009FFE707E00198009900EB95
:10BF300041110020C1F80009FFE70198009900EBCA
:10BF400041110020C1F810090198009900EB41113E
:10BF50004FF67F30C1F80809FFE7009801300090E4
:10BF6000BEE700200090FFE700989DF8201088426F
:10BF70003BD2FFE70198009900EB4110D0F8000B8D
:10BF8000C00FB0B1FFE7009848B9FFE701980099EA
:10BF900000EB41114FF00060C1F8000B08E0019880
:10BFA000009900EB41114FF09040C1F8000BFFE702
:10BFB00007E00198009900EB41110020C1F8000B47
:10BFC000FFE70198009900EB41110020C1F8100B28
:10BFD0000198009900EB41114FF67F30C1F8080B32
:10BFE000FFE7009801300090BEE70199D1F81008F2
:10BFF00020F48070C1F8100803990020886103992B
:10C000006FF0804048619DF8220030B9FFE7039946
:10C01000886940F010008861FFE70399886943F65A
:10C020000002C8F23C02104388619DF8260030B13E
:10C03000FFE70399886940F008008861FFE79DF8F1
:10C040002A00012808D1FFE7039988690422C4F275
:10C05000000210438861FFE79DF80B000CB080BD23
:10C0600081B000900099886820F00100886000206D
:10C0700001B070470000000083B0019000200090E4
:10C08000FFE70098013000900098B0F1706F04D97C
:10C09000FFE703208DF80B0024E0FFE7019800691B
:10C0A000C00F0028EDD0FFE700200090019910207C
:10C0B0000861FFE70098013000900098B0F1706FC0
:10C0C00004D9FFE703208DF80B000BE0FFE7019890
:10C0D000006900F010001028ECD0FFE700208DF878
:10C0E0000B00FFE79DF80B0003B070470000000055
:10C0F00084B00290019100200090FFE70098013089
:10C1000000900098B0F1706F04D9FFE703208DF81C
:10C110000F0026E0FFE702980069C00F0028EDD06D
:10C12000FFE700200090019880012030029908610B
:10C13000FFE70098013000900098B0F1706F04D9CB
:10C14000FFE703208DF80F000BE0FFE7029800697E
:10C1500000F020002028ECD0FFE700208DF80F0031
:10C16000FFE79DF80F0004B07047000000000000DA
:10C1700081B000900098406900F0010001B0704764
:10C1800080B586B004908DF80F10002002900499BD
:10C19000C86820F0C040C8609DF80F00012823D176
:10C1A000FFE70499C86840F00050C860FFE70A2024
:10C1B000F5F7F2FD02980A300290FFE70498FFF7C6
:10C1C000D7FF014600200129019007D0FFE702991F
:10C1D0000020C82938BF01200190FFE70198C0075F
:10C1E0000028E4D1FFE72AE09DF80F0010BBFFE72D
:10C1F0000499C86840F08040C860FFE70A20F5F75E
:10C20000CBFD02980A300290FFE70498FFF7B0FFD9
:10C2100001460020009039B1FFE702990020C829AB
:10C2200038BF01200090FFE70098C0070028E5D143
:10C23000FFE703E001208DF817000CE0FFE702980C
:10C24000C82804D1FFE701208DF8170003E0002083
:10C250008DF81700FFE79DF8170006B080BD0000BD
:10C2600083B002908DF80710029800909DF8072087
:10C270000099D1F800081043C1F80008002003B06D
:10C280007047000000000000FFE7FEE7000000002C
:10C290004EF60C50CEF200000068C0F3022070474A
:10C2A00082B0ADF806000091BDF9060000280AD45E
:10C2B000FFE700980001BDF906104EF20042CEF2F1
:10C2C000000288540BE000980001BDF8061001F050
:10C2D0000F014EF61452CEF200028854FFE702B06E
:10C2E000704700000000000083B00290029800F048
:10C2F000070000904EF60C51CEF200010868019044
:10C3000001984FF6FF02104001900198009A40EA10
:10C3100002200022C0F2FA521043019001980860F6
:10C3200003B070470000000080B584B00020029088
:10C330000390FCF7D5FAF6F78FFCFDF791FFFDF7B8
:10C340004BFDFCF74DFCFCF7DBFBFCF711FCFCF7AD
:10C350007BFDFCF7B5FDFCF7EFFDFCF729FEFCF7D4
:10C3600063FEFDF791FAFDF7D7FAFDF71DFBFDF728
:10C3700063FBFDF7A9FBFDF737FCFDF77DFCFCF740
:10C380009FFEFCF741FFFCF773FFFCF7A5FFFCF7EE
:10C39000D7FFFDF775F8FDF7B3F8FDF7F1F8FDF7F6
:10C3A00083F9FDF7C1F9FCF7C7FAFCF725FBFCF7A9
:10C3B0006FFBFCF7BDFEFCF7F3FEFDF7CDFBFDF7D1
:10C3C000A3FC029A41F20000C5F6020001904FF46E
:10C3D0000051F6F791F90198029A4FF48041F6F76F
:10C3E0008BF9FFE7FEE702E008C8121F08C1002A28
:10C3F000FAD170477047002001E001C1121F002AE6
:10C40000FBD17047000000000000000000000000A9
:10C410000000000000000000010000000200000019
:10C420000300000004000000000000000500000000
:10C4300000000000000000000000000006000000F6
:10C4400000000000000000000000000007000000E5
:10C4500000000000010203040102030406070809AA
:10C4600008040204080101010101010307010000A1
:10C47000010002000400060008000A000C00100081
:10C480002000400080000001A8C400080000002433
:10C4900010000000E6C30008B8C400081000002423
:10C4A000881A0000F6C300080090D0030090D00363
:08C4B000010000001000000073
:040000050800029954
:00000001FF
